<?xml version="1.0" encoding="UTF-8"?>
<gpx version="1.1" creator="tools/strava_streams_to_gpx.py"
     xmlns="http://www.topografix.com/GPX/1/1">
  <metadata><name>day-12</name></metadata>
  <wpt lat="44.09145" lon="6.859728"><name>Scenic Route Between Guillaumes and Valberg</name></wpt>
  <trk>
    <name>day-12</name>
    <trkseg>
      <trkpt lat="44.357862" lon="6.610102"><ele>1595.2</ele></trkpt>
      <trkpt lat="44.35805" lon="6.610642"><ele>1590.4</ele></trkpt>
      <trkpt lat="44.357661" lon="6.610923"><ele>1587.6</ele></trkpt>
      <trkpt lat="44.357237" lon="6.611218"><ele>1584</ele></trkpt>
      <trkpt lat="44.356782" lon="6.611198"><ele>1579.4</ele></trkpt>
      <trkpt lat="44.35706" lon="6.611637"><ele>1574.4</ele></trkpt>
      <trkpt lat="44.357465" lon="6.611837"><ele>1569</ele></trkpt>
      <trkpt lat="44.357928" lon="6.611843"><ele>1564.6</ele></trkpt>
      <trkpt lat="44.358358" lon="6.611787"><ele>1561.2</ele></trkpt>
      <trkpt lat="44.358778" lon="6.611754"><ele>1557.2</ele></trkpt>
      <trkpt lat="44.359254" lon="6.611657"><ele>1551</ele></trkpt>
      <trkpt lat="44.359693" lon="6.611781"><ele>1545.2</ele></trkpt>
      <trkpt lat="44.359436" lon="6.611984"><ele>1541.2</ele></trkpt>
      <trkpt lat="44.359065" lon="6.61229"><ele>1537.2</ele></trkpt>
      <trkpt lat="44.358663" lon="6.612692"><ele>1531.6</ele></trkpt>
      <trkpt lat="44.358324" lon="6.612975"><ele>1526.8</ele></trkpt>
      <trkpt lat="44.357891" lon="6.613142"><ele>1523</ele></trkpt>
      <trkpt lat="44.357716" lon="6.613407"><ele>1520</ele></trkpt>
      <trkpt lat="44.358137" lon="6.613657"><ele>1515.8</ele></trkpt>
      <trkpt lat="44.35851" lon="6.613947"><ele>1511.6</ele></trkpt>
      <trkpt lat="44.358961" lon="6.614121"><ele>1507.8</ele></trkpt>
      <trkpt lat="44.35937" lon="6.614068"><ele>1504.8</ele></trkpt>
      <trkpt lat="44.359865" lon="6.613999"><ele>1500.2</ele></trkpt>
      <trkpt lat="44.360286" lon="6.614178"><ele>1497</ele></trkpt>
      <trkpt lat="44.360239" lon="6.614373"><ele>1495.2</ele></trkpt>
      <trkpt lat="44.35978" lon="6.61431"><ele>1492.6</ele></trkpt>
      <trkpt lat="44.359404" lon="6.614541"><ele>1489.6</ele></trkpt>
      <trkpt lat="44.358933" lon="6.614794"><ele>1486.2</ele></trkpt>
      <trkpt lat="44.358552" lon="6.614851"><ele>1483.4</ele></trkpt>
      <trkpt lat="44.358122" lon="6.614847"><ele>1480.2</ele></trkpt>
      <trkpt lat="44.357576" lon="6.614761"><ele>1476.2</ele></trkpt>
      <trkpt lat="44.357167" lon="6.614779"><ele>1475.4</ele></trkpt>
      <trkpt lat="44.357441" lon="6.615147"><ele>1472.8</ele></trkpt>
      <trkpt lat="44.357929" lon="6.615202"><ele>1470.6</ele></trkpt>
      <trkpt lat="44.358327" lon="6.615374"><ele>1468.8</ele></trkpt>
      <trkpt lat="44.358782" lon="6.615604"><ele>1466</ele></trkpt>
      <trkpt lat="44.359208" lon="6.615716"><ele>1463.6</ele></trkpt>
      <trkpt lat="44.359587" lon="6.615996"><ele>1461.2</ele></trkpt>
      <trkpt lat="44.35993" lon="6.616369"><ele>1459.2</ele></trkpt>
      <trkpt lat="44.360407" lon="6.616282"><ele>1455.4</ele></trkpt>
      <trkpt lat="44.360821" lon="6.616374"><ele>1451.6</ele></trkpt>
      <trkpt lat="44.360999" lon="6.61697"><ele>1447.8</ele></trkpt>
      <trkpt lat="44.361332" lon="6.617415"><ele>1444.2</ele></trkpt>
      <trkpt lat="44.361697" lon="6.617512"><ele>1441.6</ele></trkpt>
      <trkpt lat="44.362214" lon="6.617531"><ele>1437.6</ele></trkpt>
      <trkpt lat="44.362593" lon="6.617462"><ele>1435.4</ele></trkpt>
      <trkpt lat="44.363083" lon="6.617301"><ele>1432.8</ele></trkpt>
      <trkpt lat="44.363558" lon="6.617154"><ele>1430</ele></trkpt>
      <trkpt lat="44.363918" lon="6.617162"><ele>1427.6</ele></trkpt>
      <trkpt lat="44.364376" lon="6.617329"><ele>1424.8</ele></trkpt>
      <trkpt lat="44.364602" lon="6.617905"><ele>1421.2</ele></trkpt>
      <trkpt lat="44.36454" lon="6.618589"><ele>1418</ele></trkpt>
      <trkpt lat="44.364668" lon="6.619056"><ele>1416.4</ele></trkpt>
      <trkpt lat="44.36509" lon="6.619395"><ele>1413.4</ele></trkpt>
      <trkpt lat="44.365579" lon="6.619499"><ele>1410.8</ele></trkpt>
      <trkpt lat="44.365931" lon="6.619433"><ele>1409.6</ele></trkpt>
      <trkpt lat="44.366392" lon="6.619008"><ele>1408.4</ele></trkpt>
      <trkpt lat="44.366774" lon="6.618685"><ele>1406.4</ele></trkpt>
      <trkpt lat="44.367214" lon="6.618523"><ele>1403.6</ele></trkpt>
      <trkpt lat="44.367577" lon="6.618495"><ele>1400.8</ele></trkpt>
      <trkpt lat="44.368058" lon="6.61837"><ele>1398</ele></trkpt>
      <trkpt lat="44.368475" lon="6.618097"><ele>1394.8</ele></trkpt>
      <trkpt lat="44.368789" lon="6.61771"><ele>1391.8</ele></trkpt>
      <trkpt lat="44.369183" lon="6.617295"><ele>1389.2</ele></trkpt>
      <trkpt lat="44.369186" lon="6.617743"><ele>1386.2</ele></trkpt>
      <trkpt lat="44.368774" lon="6.618188"><ele>1380.4</ele></trkpt>
      <trkpt lat="44.36851" lon="6.618511"><ele>1376.6</ele></trkpt>
      <trkpt lat="44.368079" lon="6.6189"><ele>1370.4</ele></trkpt>
      <trkpt lat="44.367689" lon="6.619065"><ele>1366.2</ele></trkpt>
      <trkpt lat="44.367292" lon="6.619261"><ele>1362.4</ele></trkpt>
      <trkpt lat="44.366829" lon="6.619733"><ele>1357.6</ele></trkpt>
      <trkpt lat="44.366466" lon="6.620064"><ele>1353.4</ele></trkpt>
      <trkpt lat="44.366067" lon="6.620354"><ele>1349.2</ele></trkpt>
      <trkpt lat="44.365655" lon="6.620595"><ele>1345.2</ele></trkpt>
      <trkpt lat="44.365218" lon="6.620747"><ele>1341</ele></trkpt>
      <trkpt lat="44.364766" lon="6.620865"><ele>1336.8</ele></trkpt>
      <trkpt lat="44.364307" lon="6.620902"><ele>1332.2</ele></trkpt>
      <trkpt lat="44.363859" lon="6.620839"><ele>1328.6</ele></trkpt>
      <trkpt lat="44.363471" lon="6.620719"><ele>1325.4</ele></trkpt>
      <trkpt lat="44.363018" lon="6.620677"><ele>1324.4</ele></trkpt>
      <trkpt lat="44.363077" lon="6.621154"><ele>1322.4</ele></trkpt>
      <trkpt lat="44.363579" lon="6.621235"><ele>1317.6</ele></trkpt>
      <trkpt lat="44.364009" lon="6.621395"><ele>1314.2</ele></trkpt>
      <trkpt lat="44.364473" lon="6.621575"><ele>1310</ele></trkpt>
      <trkpt lat="44.364849" lon="6.621698"><ele>1306.8</ele></trkpt>
      <trkpt lat="44.365244" lon="6.621825"><ele>1302.8</ele></trkpt>
      <trkpt lat="44.365792" lon="6.621829"><ele>1297.8</ele></trkpt>
      <trkpt lat="44.366224" lon="6.621757"><ele>1293.8</ele></trkpt>
      <trkpt lat="44.366653" lon="6.621741"><ele>1290.2</ele></trkpt>
      <trkpt lat="44.367087" lon="6.621738"><ele>1287.2</ele></trkpt>
      <trkpt lat="44.367524" lon="6.621728"><ele>1283.8</ele></trkpt>
      <trkpt lat="44.367973" lon="6.621687"><ele>1280.8</ele></trkpt>
      <trkpt lat="44.368423" lon="6.621565"><ele>1276.8</ele></trkpt>
      <trkpt lat="44.368882" lon="6.621438"><ele>1272.6</ele></trkpt>
      <trkpt lat="44.369302" lon="6.621275"><ele>1269</ele></trkpt>
      <trkpt lat="44.369753" lon="6.621038"><ele>1266.2</ele></trkpt>
      <trkpt lat="44.370124" lon="6.620715"><ele>1264.4</ele></trkpt>
      <trkpt lat="44.370432" lon="6.620903"><ele>1261.8</ele></trkpt>
      <trkpt lat="44.370042" lon="6.621329"><ele>1258</ele></trkpt>
      <trkpt lat="44.369714" lon="6.621601"><ele>1255</ele></trkpt>
      <trkpt lat="44.369271" lon="6.621998"><ele>1251.6</ele></trkpt>
      <trkpt lat="44.368903" lon="6.622328"><ele>1248.6</ele></trkpt>
      <trkpt lat="44.368546" lon="6.622735"><ele>1246.2</ele></trkpt>
      <trkpt lat="44.368211" lon="6.623162"><ele>1243.2</ele></trkpt>
      <trkpt lat="44.367896" lon="6.623625"><ele>1240.6</ele></trkpt>
      <trkpt lat="44.367509" lon="6.623934"><ele>1238.2</ele></trkpt>
      <trkpt lat="44.367165" lon="6.62402"><ele>1236.4</ele></trkpt>
      <trkpt lat="44.366695" lon="6.62433"><ele>1233.4</ele></trkpt>
      <trkpt lat="44.366252" lon="6.624362"><ele>1231.4</ele></trkpt>
      <trkpt lat="44.365793" lon="6.624319"><ele>1229.6</ele></trkpt>
      <trkpt lat="44.365542" lon="6.624576"><ele>1227.4</ele></trkpt>
      <trkpt lat="44.365134" lon="6.624431"><ele>1223.6</ele></trkpt>
      <trkpt lat="44.364704" lon="6.624459"><ele>1219.8</ele></trkpt>
      <trkpt lat="44.364238" lon="6.624712"><ele>1215.8</ele></trkpt>
      <trkpt lat="44.363834" lon="6.624879"><ele>1212.8</ele></trkpt>
      <trkpt lat="44.363355" lon="6.624822"><ele>1210.6</ele></trkpt>
      <trkpt lat="44.362905" lon="6.624739"><ele>1209.2</ele></trkpt>
      <trkpt lat="44.362584" lon="6.625035"><ele>1206.4</ele></trkpt>
      <trkpt lat="44.362256" lon="6.62549"><ele>1202</ele></trkpt>
      <trkpt lat="44.361766" lon="6.625686"><ele>1198</ele></trkpt>
      <trkpt lat="44.361435" lon="6.625364"><ele>1196</ele></trkpt>
      <trkpt lat="44.361148" lon="6.624938"><ele>1195.2</ele></trkpt>
      <trkpt lat="44.360718" lon="6.624867"><ele>1193.2</ele></trkpt>
      <trkpt lat="44.360258" lon="6.624836"><ele>1193.6</ele></trkpt>
      <trkpt lat="44.35982" lon="6.624718"><ele>1197.2</ele></trkpt>
      <trkpt lat="44.359433" lon="6.624435"><ele>1199.6</ele></trkpt>
      <trkpt lat="44.358999" lon="6.624223"><ele>1201.8</ele></trkpt>
      <trkpt lat="44.358562" lon="6.62407"><ele>1203.6</ele></trkpt>
      <trkpt lat="44.358169" lon="6.623806"><ele>1205.8</ele></trkpt>
      <trkpt lat="44.357761" lon="6.623518"><ele>1208.4</ele></trkpt>
      <trkpt lat="44.357356" lon="6.623274"><ele>1209.8</ele></trkpt>
      <trkpt lat="44.356932" lon="6.623057"><ele>1212.4</ele></trkpt>
      <trkpt lat="44.356487" lon="6.622886"><ele>1215</ele></trkpt>
      <trkpt lat="44.356092" lon="6.622599"><ele>1217.2</ele></trkpt>
      <trkpt lat="44.355665" lon="6.622398"><ele>1219.6</ele></trkpt>
      <trkpt lat="44.355219" lon="6.622353"><ele>1222</ele></trkpt>
      <trkpt lat="44.354814" lon="6.622133"><ele>1223.4</ele></trkpt>
      <trkpt lat="44.354494" lon="6.621716"><ele>1224.6</ele></trkpt>
      <trkpt lat="44.354059" lon="6.621491"><ele>1224.8</ele></trkpt>
      <trkpt lat="44.353612" lon="6.621372"><ele>1226</ele></trkpt>
      <trkpt lat="44.353182" lon="6.621245"><ele>1226.6</ele></trkpt>
      <trkpt lat="44.352786" lon="6.620935"><ele>1227.4</ele></trkpt>
      <trkpt lat="44.352476" lon="6.620463"><ele>1228</ele></trkpt>
      <trkpt lat="44.352083" lon="6.620238"><ele>1228.6</ele></trkpt>
      <trkpt lat="44.351634" lon="6.620144"><ele>1228.8</ele></trkpt>
      <trkpt lat="44.351174" lon="6.620046"><ele>1229.2</ele></trkpt>
      <trkpt lat="44.350801" lon="6.619707"><ele>1229.4</ele></trkpt>
      <trkpt lat="44.350418" lon="6.619388"><ele>1230</ele></trkpt>
      <trkpt lat="44.349987" lon="6.619234"><ele>1230.8</ele></trkpt>
      <trkpt lat="44.349538" lon="6.619245"><ele>1231.6</ele></trkpt>
      <trkpt lat="44.349085" lon="6.619369"><ele>1233.6</ele></trkpt>
      <trkpt lat="44.348675" lon="6.619552"><ele>1235.8</ele></trkpt>
      <trkpt lat="44.348225" lon="6.619672"><ele>1237.6</ele></trkpt>
      <trkpt lat="44.34778" lon="6.619746"><ele>1239.8</ele></trkpt>
      <trkpt lat="44.34732" lon="6.619851"><ele>1242</ele></trkpt>
      <trkpt lat="44.346895" lon="6.620031"><ele>1244</ele></trkpt>
      <trkpt lat="44.346446" lon="6.620114"><ele>1245.2</ele></trkpt>
      <trkpt lat="44.346022" lon="6.619986"><ele>1245.6</ele></trkpt>
      <trkpt lat="44.345571" lon="6.619873"><ele>1246</ele></trkpt>
      <trkpt lat="44.34513" lon="6.619802"><ele>1246.2</ele></trkpt>
      <trkpt lat="44.344701" lon="6.619696"><ele>1246.2</ele></trkpt>
      <trkpt lat="44.344242" lon="6.619709"><ele>1246.8</ele></trkpt>
      <trkpt lat="44.343792" lon="6.619629"><ele>1247.6</ele></trkpt>
      <trkpt lat="44.343315" lon="6.619441"><ele>1248.4</ele></trkpt>
      <trkpt lat="44.342907" lon="6.619162"><ele>1249.4</ele></trkpt>
      <trkpt lat="44.342457" lon="6.619028"><ele>1250</ele></trkpt>
      <trkpt lat="44.342012" lon="6.619174"><ele>1250.4</ele></trkpt>
      <trkpt lat="44.341593" lon="6.619274"><ele>1250.8</ele></trkpt>
      <trkpt lat="44.341122" lon="6.619293"><ele>1251.2</ele></trkpt>
      <trkpt lat="44.340772" lon="6.618959"><ele>1251.2</ele></trkpt>
      <trkpt lat="44.340551" lon="6.618404"><ele>1252</ele></trkpt>
      <trkpt lat="44.34021" lon="6.618007"><ele>1253.6</ele></trkpt>
      <trkpt lat="44.339826" lon="6.61772"><ele>1255</ele></trkpt>
      <trkpt lat="44.339383" lon="6.617591"><ele>1256</ele></trkpt>
      <trkpt lat="44.338964" lon="6.617338"><ele>1256.8</ele></trkpt>
      <trkpt lat="44.338834" lon="6.616796"><ele>1257.6</ele></trkpt>
      <trkpt lat="44.338486" lon="6.616463"><ele>1257.8</ele></trkpt>
      <trkpt lat="44.338004" lon="6.616441"><ele>1259</ele></trkpt>
      <trkpt lat="44.337583" lon="6.616456"><ele>1260</ele></trkpt>
      <trkpt lat="44.337146" lon="6.616425"><ele>1260.6</ele></trkpt>
      <trkpt lat="44.336718" lon="6.616193"><ele>1262.6</ele></trkpt>
      <trkpt lat="44.336261" lon="6.616276"><ele>1264.8</ele></trkpt>
      <trkpt lat="44.335867" lon="6.616063"><ele>1267.6</ele></trkpt>
      <trkpt lat="44.335529" lon="6.615641"><ele>1270.6</ele></trkpt>
      <trkpt lat="44.335124" lon="6.615356"><ele>1273</ele></trkpt>
      <trkpt lat="44.334726" lon="6.615055"><ele>1275.2</ele></trkpt>
      <trkpt lat="44.334352" lon="6.614717"><ele>1277</ele></trkpt>
      <trkpt lat="44.333896" lon="6.614737"><ele>1278.6</ele></trkpt>
      <trkpt lat="44.333518" lon="6.614486"><ele>1280.6</ele></trkpt>
      <trkpt lat="44.333176" lon="6.614125"><ele>1281.6</ele></trkpt>
      <trkpt lat="44.332704" lon="6.614024"><ele>1282.8</ele></trkpt>
      <trkpt lat="44.332275" lon="6.613845"><ele>1284.8</ele></trkpt>
      <trkpt lat="44.331846" lon="6.613826"><ele>1286.6</ele></trkpt>
      <trkpt lat="44.331489" lon="6.614199"><ele>1288.8</ele></trkpt>
      <trkpt lat="44.33108" lon="6.61438"><ele>1290.6</ele></trkpt>
      <trkpt lat="44.330626" lon="6.614368"><ele>1292.6</ele></trkpt>
      <trkpt lat="44.330277" lon="6.614018"><ele>1294.6</ele></trkpt>
      <trkpt lat="44.329833" lon="6.613873"><ele>1296.8</ele></trkpt>
      <trkpt lat="44.329434" lon="6.613562"><ele>1299.6</ele></trkpt>
      <trkpt lat="44.329008" lon="6.613427"><ele>1303.4</ele></trkpt>
      <trkpt lat="44.32857" lon="6.613485"><ele>1306.2</ele></trkpt>
      <trkpt lat="44.328123" lon="6.613324"><ele>1309.4</ele></trkpt>
      <trkpt lat="44.327701" lon="6.613402"><ele>1312.4</ele></trkpt>
      <trkpt lat="44.32732" lon="6.613706"><ele>1315.4</ele></trkpt>
      <trkpt lat="44.32688" lon="6.613773"><ele>1317.6</ele></trkpt>
      <trkpt lat="44.326455" lon="6.613582"><ele>1320.2</ele></trkpt>
      <trkpt lat="44.326051" lon="6.613599"><ele>1322</ele></trkpt>
      <trkpt lat="44.325632" lon="6.613825"><ele>1325</ele></trkpt>
      <trkpt lat="44.325175" lon="6.613861"><ele>1328.4</ele></trkpt>
      <trkpt lat="44.324658" lon="6.613883"><ele>1332.6</ele></trkpt>
      <trkpt lat="44.32424" lon="6.614068"><ele>1335.8</ele></trkpt>
      <trkpt lat="44.323883" lon="6.614412"><ele>1338.2</ele></trkpt>
      <trkpt lat="44.323484" lon="6.614766"><ele>1341</ele></trkpt>
      <trkpt lat="44.323057" lon="6.614942"><ele>1343</ele></trkpt>
      <trkpt lat="44.322638" lon="6.615117"><ele>1345.4</ele></trkpt>
      <trkpt lat="44.322302" lon="6.615517"><ele>1347.4</ele></trkpt>
      <trkpt lat="44.322359" lon="6.616161"><ele>1348</ele></trkpt>
      <trkpt lat="44.322316" lon="6.616709"><ele>1350</ele></trkpt>
      <trkpt lat="44.321953" lon="6.617072"><ele>1353.2</ele></trkpt>
      <trkpt lat="44.321576" lon="6.617419"><ele>1355.8</ele></trkpt>
      <trkpt lat="44.321215" lon="6.61779"><ele>1358.2</ele></trkpt>
      <trkpt lat="44.32096" lon="6.618278"><ele>1360.2</ele></trkpt>
      <trkpt lat="44.320653" lon="6.618724"><ele>1362.2</ele></trkpt>
      <trkpt lat="44.320505" lon="6.619312"><ele>1365</ele></trkpt>
      <trkpt lat="44.320391" lon="6.61992"><ele>1368.2</ele></trkpt>
      <trkpt lat="44.320369" lon="6.620564"><ele>1371.4</ele></trkpt>
      <trkpt lat="44.320348" lon="6.621164"><ele>1374</ele></trkpt>
      <trkpt lat="44.32025" lon="6.621798"><ele>1377.2</ele></trkpt>
      <trkpt lat="44.320172" lon="6.622417"><ele>1380.2</ele></trkpt>
      <trkpt lat="44.320093" lon="6.623033"><ele>1383</ele></trkpt>
      <trkpt lat="44.320015" lon="6.623612"><ele>1381.4</ele></trkpt>
      <trkpt lat="44.320211" lon="6.624181"><ele>1385.6</ele></trkpt>
      <trkpt lat="44.320308" lon="6.624791"><ele>1388.2</ele></trkpt>
      <trkpt lat="44.320169" lon="6.625372"><ele>1391.2</ele></trkpt>
      <trkpt lat="44.320113" lon="6.625998"><ele>1394.4</ele></trkpt>
      <trkpt lat="44.319862" lon="6.626504"><ele>1397.4</ele></trkpt>
      <trkpt lat="44.319688" lon="6.627026"><ele>1400.6</ele></trkpt>
      <trkpt lat="44.319368" lon="6.627467"><ele>1403.6</ele></trkpt>
      <trkpt lat="44.319094" lon="6.627954"><ele>1407.2</ele></trkpt>
      <trkpt lat="44.318968" lon="6.628563"><ele>1409.4</ele></trkpt>
      <trkpt lat="44.318831" lon="6.629155"><ele>1412.2</ele></trkpt>
      <trkpt lat="44.318652" lon="6.629726"><ele>1414.6</ele></trkpt>
      <trkpt lat="44.318593" lon="6.63031"><ele>1417</ele></trkpt>
      <trkpt lat="44.318706" lon="6.630894"><ele>1419.4</ele></trkpt>
      <trkpt lat="44.318731" lon="6.631487"><ele>1422.6</ele></trkpt>
      <trkpt lat="44.318666" lon="6.632108"><ele>1425.8</ele></trkpt>
      <trkpt lat="44.318562" lon="6.632738"><ele>1428.8</ele></trkpt>
      <trkpt lat="44.318576" lon="6.633342"><ele>1431.2</ele></trkpt>
      <trkpt lat="44.318602" lon="6.633943"><ele>1432.6</ele></trkpt>
      <trkpt lat="44.318375" lon="6.634518"><ele>1434.6</ele></trkpt>
      <trkpt lat="44.318308" lon="6.635135"><ele>1437</ele></trkpt>
      <trkpt lat="44.31829" lon="6.635753"><ele>1438.8</ele></trkpt>
      <trkpt lat="44.318275" lon="6.636362"><ele>1441.4</ele></trkpt>
      <trkpt lat="44.318163" lon="6.636985"><ele>1443.8</ele></trkpt>
      <trkpt lat="44.318192" lon="6.637611"><ele>1446.6</ele></trkpt>
      <trkpt lat="44.318249" lon="6.638216"><ele>1450</ele></trkpt>
      <trkpt lat="44.318252" lon="6.638849"><ele>1452.4</ele></trkpt>
      <trkpt lat="44.318329" lon="6.639478"><ele>1455</ele></trkpt>
      <trkpt lat="44.318383" lon="6.640123"><ele>1457.4</ele></trkpt>
      <trkpt lat="44.318454" lon="6.640724"><ele>1459.2</ele></trkpt>
      <trkpt lat="44.318382" lon="6.641352"><ele>1461</ele></trkpt>
      <trkpt lat="44.318382" lon="6.641978"><ele>1464.2</ele></trkpt>
      <trkpt lat="44.318393" lon="6.642615"><ele>1466.8</ele></trkpt>
      <trkpt lat="44.318494" lon="6.643229"><ele>1469</ele></trkpt>
      <trkpt lat="44.318673" lon="6.643788"><ele>1471.2</ele></trkpt>
      <trkpt lat="44.318841" lon="6.644305"><ele>1473.4</ele></trkpt>
      <trkpt lat="44.318983" lon="6.644897"><ele>1474.8</ele></trkpt>
      <trkpt lat="44.319024" lon="6.645538"><ele>1477.2</ele></trkpt>
      <trkpt lat="44.319008" lon="6.646178"><ele>1479</ele></trkpt>
      <trkpt lat="44.319035" lon="6.646775"><ele>1481</ele></trkpt>
      <trkpt lat="44.31913" lon="6.647405"><ele>1483</ele></trkpt>
      <trkpt lat="44.319225" lon="6.648001"><ele>1484.6</ele></trkpt>
      <trkpt lat="44.319254" lon="6.648634"><ele>1486.4</ele></trkpt>
      <trkpt lat="44.319275" lon="6.649264"><ele>1487.6</ele></trkpt>
      <trkpt lat="44.319297" lon="6.649906"><ele>1488.4</ele></trkpt>
      <trkpt lat="44.319343" lon="6.650508"><ele>1488.8</ele></trkpt>
      <trkpt lat="44.319408" lon="6.651126"><ele>1489.2</ele></trkpt>
      <trkpt lat="44.319532" lon="6.651738"><ele>1490.6</ele></trkpt>
      <trkpt lat="44.319689" lon="6.652326"><ele>1492</ele></trkpt>
      <trkpt lat="44.319686" lon="6.652963"><ele>1494.4</ele></trkpt>
      <trkpt lat="44.319644" lon="6.653584"><ele>1497</ele></trkpt>
      <trkpt lat="44.319623" lon="6.654202"><ele>1498.8</ele></trkpt>
      <trkpt lat="44.3196" lon="6.654843"><ele>1501</ele></trkpt>
      <trkpt lat="44.319618" lon="6.655456"><ele>1504.6</ele></trkpt>
      <trkpt lat="44.319661" lon="6.656085"><ele>1508.4</ele></trkpt>
      <trkpt lat="44.319883" lon="6.656588"><ele>1511.2</ele></trkpt>
      <trkpt lat="44.32025" lon="6.656952"><ele>1514.4</ele></trkpt>
      <trkpt lat="44.320518" lon="6.65741"><ele>1517.6</ele></trkpt>
      <trkpt lat="44.320699" lon="6.657984"><ele>1520.8</ele></trkpt>
      <trkpt lat="44.320948" lon="6.658499"><ele>1523</ele></trkpt>
      <trkpt lat="44.321272" lon="6.658932"><ele>1526.6</ele></trkpt>
      <trkpt lat="44.321588" lon="6.659373"><ele>1530</ele></trkpt>
      <trkpt lat="44.32188" lon="6.659844"><ele>1533.8</ele></trkpt>
      <trkpt lat="44.322175" lon="6.660329"><ele>1536.8</ele></trkpt>
      <trkpt lat="44.322586" lon="6.660353"><ele>1540.6</ele></trkpt>
      <trkpt lat="44.322741" lon="6.660729"><ele>1543.2</ele></trkpt>
      <trkpt lat="44.322681" lon="6.661369"><ele>1545.8</ele></trkpt>
      <trkpt lat="44.322853" lon="6.661934"><ele>1548.4</ele></trkpt>
      <trkpt lat="44.322886" lon="6.662567"><ele>1551.8</ele></trkpt>
      <trkpt lat="44.323052" lon="6.663115"><ele>1554.4</ele></trkpt>
      <trkpt lat="44.323087" lon="6.663735"><ele>1557.4</ele></trkpt>
      <trkpt lat="44.32313" lon="6.664371"><ele>1560.4</ele></trkpt>
      <trkpt lat="44.323133" lon="6.664989"><ele>1562.6</ele></trkpt>
      <trkpt lat="44.323081" lon="6.665636"><ele>1565</ele></trkpt>
      <trkpt lat="44.323133" lon="6.666047"><ele>1567.4</ele></trkpt>
      <trkpt lat="44.32323" lon="6.665427"><ele>1569.2</ele></trkpt>
      <trkpt lat="44.323332" lon="6.664821"><ele>1571.6</ele></trkpt>
      <trkpt lat="44.32345" lon="6.664213"><ele>1573.4</ele></trkpt>
      <trkpt lat="44.323448" lon="6.664603"><ele>1575.6</ele></trkpt>
      <trkpt lat="44.323383" lon="6.665222"><ele>1577.6</ele></trkpt>
      <trkpt lat="44.323339" lon="6.66584"><ele>1579.8</ele></trkpt>
      <trkpt lat="44.323469" lon="6.666422"><ele>1581.2</ele></trkpt>
      <trkpt lat="44.323513" lon="6.667039"><ele>1582.8</ele></trkpt>
      <trkpt lat="44.323345" lon="6.667603"><ele>1584.8</ele></trkpt>
      <trkpt lat="44.322946" lon="6.667857"><ele>1588</ele></trkpt>
      <trkpt lat="44.32253" lon="6.668096"><ele>1590.4</ele></trkpt>
      <trkpt lat="44.322239" lon="6.668527"><ele>1592.2</ele></trkpt>
      <trkpt lat="44.321868" lon="6.6689"><ele>1594</ele></trkpt>
      <trkpt lat="44.321625" lon="6.669427"><ele>1596</ele></trkpt>
      <trkpt lat="44.321479" lon="6.670028"><ele>1598.6</ele></trkpt>
      <trkpt lat="44.321439" lon="6.670625"><ele>1602.4</ele></trkpt>
      <trkpt lat="44.321577" lon="6.671232"><ele>1607</ele></trkpt>
      <trkpt lat="44.321541" lon="6.671844"><ele>1611</ele></trkpt>
      <trkpt lat="44.321474" lon="6.672487"><ele>1612.6</ele></trkpt>
      <trkpt lat="44.321415" lon="6.673106"><ele>1614.4</ele></trkpt>
      <trkpt lat="44.32129" lon="6.673728"><ele>1616.2</ele></trkpt>
      <trkpt lat="44.3212" lon="6.674323"><ele>1618.6</ele></trkpt>
      <trkpt lat="44.320893" lon="6.674796"><ele>1620</ele></trkpt>
      <trkpt lat="44.32059" lon="6.675239"><ele>1620.6</ele></trkpt>
      <trkpt lat="44.320445" lon="6.675819"><ele>1621.4</ele></trkpt>
      <trkpt lat="44.320371" lon="6.676464"><ele>1622.6</ele></trkpt>
      <trkpt lat="44.320387" lon="6.677068"><ele>1624.2</ele></trkpt>
      <trkpt lat="44.320397" lon="6.677694"><ele>1626.4</ele></trkpt>
      <trkpt lat="44.320164" lon="6.678251"><ele>1629.4</ele></trkpt>
      <trkpt lat="44.319858" lon="6.678678"><ele>1632</ele></trkpt>
      <trkpt lat="44.319574" lon="6.679172"><ele>1633.6</ele></trkpt>
      <trkpt lat="44.319523" lon="6.679777"><ele>1633.8</ele></trkpt>
      <trkpt lat="44.319478" lon="6.68031"><ele>1634.4</ele></trkpt>
      <trkpt lat="44.31907" lon="6.68064"><ele>1636.8</ele></trkpt>
      <trkpt lat="44.319037" lon="6.68121"><ele>1638.4</ele></trkpt>
      <trkpt lat="44.319013" lon="6.681861"><ele>1641.6</ele></trkpt>
      <trkpt lat="44.318917" lon="6.682469"><ele>1644.2</ele></trkpt>
      <trkpt lat="44.318828" lon="6.683071"><ele>1647.4</ele></trkpt>
      <trkpt lat="44.318736" lon="6.683678"><ele>1650.2</ele></trkpt>
      <trkpt lat="44.318634" lon="6.684297"><ele>1652.4</ele></trkpt>
      <trkpt lat="44.318677" lon="6.684914"><ele>1653.4</ele></trkpt>
      <trkpt lat="44.318595" lon="6.685531"><ele>1653.8</ele></trkpt>
      <trkpt lat="44.318516" lon="6.686146"><ele>1654.6</ele></trkpt>
      <trkpt lat="44.318635" lon="6.68674"><ele>1655.2</ele></trkpt>
      <trkpt lat="44.318896" lon="6.68723"><ele>1655</ele></trkpt>
      <trkpt lat="44.319128" lon="6.687803"><ele>1654.4</ele></trkpt>
      <trkpt lat="44.319285" lon="6.688409"><ele>1655.2</ele></trkpt>
      <trkpt lat="44.319468" lon="6.68902"><ele>1654.4</ele></trkpt>
      <trkpt lat="44.319373" lon="6.689591"><ele>1655</ele></trkpt>
      <trkpt lat="44.319231" lon="6.690187"><ele>1655.6</ele></trkpt>
      <trkpt lat="44.319134" lon="6.690809"><ele>1655.8</ele></trkpt>
      <trkpt lat="44.318871" lon="6.691249"><ele>1657</ele></trkpt>
      <trkpt lat="44.318795" lon="6.69189"><ele>1656.8</ele></trkpt>
      <trkpt lat="44.318819" lon="6.692514"><ele>1657.4</ele></trkpt>
      <trkpt lat="44.318976" lon="6.693083"><ele>1659.6</ele></trkpt>
      <trkpt lat="44.319264" lon="6.693555"><ele>1661.4</ele></trkpt>
      <trkpt lat="44.319382" lon="6.694164"><ele>1663.8</ele></trkpt>
      <trkpt lat="44.319583" lon="6.694729"><ele>1665.8</ele></trkpt>
      <trkpt lat="44.319907" lon="6.695152"><ele>1668.2</ele></trkpt>
      <trkpt lat="44.320269" lon="6.695512"><ele>1670.4</ele></trkpt>
      <trkpt lat="44.320531" lon="6.696038"><ele>1672.4</ele></trkpt>
      <trkpt lat="44.320673" lon="6.696631"><ele>1674.6</ele></trkpt>
      <trkpt lat="44.320997" lon="6.697059"><ele>1676.6</ele></trkpt>
      <trkpt lat="44.321132" lon="6.697622"><ele>1679.2</ele></trkpt>
      <trkpt lat="44.32124" lon="6.698251"><ele>1681.4</ele></trkpt>
      <trkpt lat="44.321365" lon="6.698843"><ele>1683</ele></trkpt>
      <trkpt lat="44.321506" lon="6.699436"><ele>1685.2</ele></trkpt>
      <trkpt lat="44.321605" lon="6.700044"><ele>1687.4</ele></trkpt>
      <trkpt lat="44.321746" lon="6.700673"><ele>1689.4</ele></trkpt>
      <trkpt lat="44.321898" lon="6.70125"><ele>1691.2</ele></trkpt>
      <trkpt lat="44.32201" lon="6.701839"><ele>1693.4</ele></trkpt>
      <trkpt lat="44.32205" lon="6.702482"><ele>1696.4</ele></trkpt>
      <trkpt lat="44.321982" lon="6.70309"><ele>1699.2</ele></trkpt>
      <trkpt lat="44.321867" lon="6.703699"><ele>1702.2</ele></trkpt>
      <trkpt lat="44.321489" lon="6.703998"><ele>1705.2</ele></trkpt>
      <trkpt lat="44.321356" lon="6.704591"><ele>1708.2</ele></trkpt>
      <trkpt lat="44.321361" lon="6.705203"><ele>1712</ele></trkpt>
      <trkpt lat="44.321362" lon="6.705845"><ele>1716.2</ele></trkpt>
      <trkpt lat="44.321339" lon="6.706475"><ele>1719.4</ele></trkpt>
      <trkpt lat="44.32132" lon="6.707074"><ele>1723.4</ele></trkpt>
      <trkpt lat="44.321421" lon="6.707702"><ele>1727</ele></trkpt>
      <trkpt lat="44.32159" lon="6.708248"><ele>1729</ele></trkpt>
      <trkpt lat="44.321701" lon="6.708845"><ele>1732.4</ele></trkpt>
      <trkpt lat="44.321925" lon="6.709301"><ele>1734.4</ele></trkpt>
      <trkpt lat="44.321545" lon="6.709624"><ele>1734.4</ele></trkpt>
      <trkpt lat="44.321423" lon="6.710257"><ele>1734</ele></trkpt>
      <trkpt lat="44.321272" lon="6.710834"><ele>1734.4</ele></trkpt>
      <trkpt lat="44.321063" lon="6.711343"><ele>1734.4</ele></trkpt>
      <trkpt lat="44.321017" lon="6.711988"><ele>1734.4</ele></trkpt>
      <trkpt lat="44.32072" lon="6.712454"><ele>1734.6</ele></trkpt>
      <trkpt lat="44.320505" lon="6.712993"><ele>1736.8</ele></trkpt>
      <trkpt lat="44.32043" lon="6.713621"><ele>1739</ele></trkpt>
      <trkpt lat="44.320275" lon="6.714209"><ele>1741.8</ele></trkpt>
      <trkpt lat="44.320095" lon="6.714742"><ele>1744.2</ele></trkpt>
      <trkpt lat="44.320294" lon="6.715287"><ele>1747</ele></trkpt>
      <trkpt lat="44.319966" lon="6.715414"><ele>1749.2</ele></trkpt>
      <trkpt lat="44.319761" lon="6.715934"><ele>1749.8</ele></trkpt>
      <trkpt lat="44.319557" lon="6.716464"><ele>1752</ele></trkpt>
      <trkpt lat="44.319282" lon="6.716979"><ele>1754.4</ele></trkpt>
      <trkpt lat="44.319251" lon="6.717586"><ele>1755.8</ele></trkpt>
      <trkpt lat="44.319342" lon="6.718213"><ele>1757.4</ele></trkpt>
      <trkpt lat="44.319423" lon="6.718791"><ele>1758.6</ele></trkpt>
      <trkpt lat="44.319323" lon="6.71946"><ele>1758.4</ele></trkpt>
      <trkpt lat="44.319374" lon="6.720036"><ele>1757.2</ele></trkpt>
      <trkpt lat="44.319545" lon="6.72068"><ele>1756.4</ele></trkpt>
      <trkpt lat="44.319587" lon="6.72125"><ele>1754.8</ele></trkpt>
      <trkpt lat="44.319536" lon="6.721915"><ele>1753.8</ele></trkpt>
      <trkpt lat="44.319473" lon="6.72249"><ele>1753.8</ele></trkpt>
      <trkpt lat="44.31927" lon="6.723055"><ele>1752.8</ele></trkpt>
      <trkpt lat="44.318858" lon="6.723402"><ele>1751.8</ele></trkpt>
      <trkpt lat="44.318716" lon="6.723962"><ele>1752.6</ele></trkpt>
      <trkpt lat="44.318624" lon="6.724535"><ele>1753.4</ele></trkpt>
      <trkpt lat="44.318448" lon="6.725124"><ele>1755</ele></trkpt>
      <trkpt lat="44.318241" lon="6.725687"><ele>1756</ele></trkpt>
      <trkpt lat="44.318049" lon="6.726284"><ele>1757.2</ele></trkpt>
      <trkpt lat="44.31793" lon="6.72689"><ele>1759.8</ele></trkpt>
      <trkpt lat="44.317838" lon="6.72748"><ele>1761.6</ele></trkpt>
      <trkpt lat="44.317674" lon="6.728065"><ele>1762.8</ele></trkpt>
      <trkpt lat="44.317376" lon="6.728557"><ele>1764.6</ele></trkpt>
      <trkpt lat="44.317139" lon="6.72908"><ele>1765.6</ele></trkpt>
      <trkpt lat="44.316827" lon="6.729542"><ele>1767.4</ele></trkpt>
      <trkpt lat="44.316511" lon="6.729992"><ele>1769</ele></trkpt>
      <trkpt lat="44.316196" lon="6.730398"><ele>1770.8</ele></trkpt>
      <trkpt lat="44.31591" lon="6.7309"><ele>1773</ele></trkpt>
      <trkpt lat="44.315643" lon="6.731386"><ele>1773.8</ele></trkpt>
      <trkpt lat="44.315417" lon="6.731926"><ele>1775.2</ele></trkpt>
      <trkpt lat="44.315177" lon="6.732482"><ele>1776.6</ele></trkpt>
      <trkpt lat="44.314907" lon="6.732971"><ele>1778.8</ele></trkpt>
      <trkpt lat="44.314593" lon="6.733409"><ele>1780.4</ele></trkpt>
      <trkpt lat="44.314279" lon="6.733864"><ele>1781.4</ele></trkpt>
      <trkpt lat="44.313989" lon="6.734387"><ele>1781.8</ele></trkpt>
      <trkpt lat="44.313718" lon="6.734865"><ele>1782</ele></trkpt>
      <trkpt lat="44.313446" lon="6.735397"><ele>1781.2</ele></trkpt>
      <trkpt lat="44.313216" lon="6.7359"><ele>1781</ele></trkpt>
      <trkpt lat="44.312985" lon="6.736473"><ele>1781.2</ele></trkpt>
      <trkpt lat="44.312753" lon="6.736978"><ele>1781.8</ele></trkpt>
      <trkpt lat="44.312506" lon="6.7375"><ele>1782.4</ele></trkpt>
      <trkpt lat="44.312264" lon="6.738045"><ele>1783.8</ele></trkpt>
      <trkpt lat="44.312087" lon="6.738627"><ele>1785.4</ele></trkpt>
      <trkpt lat="44.311972" lon="6.739208"><ele>1785.8</ele></trkpt>
      <trkpt lat="44.311704" lon="6.739686"><ele>1784.2</ele></trkpt>
      <trkpt lat="44.311219" lon="6.739699"><ele>1783</ele></trkpt>
      <trkpt lat="44.310876" lon="6.739353"><ele>1783.6</ele></trkpt>
      <trkpt lat="44.31076" lon="6.738804"><ele>1784.4</ele></trkpt>
      <trkpt lat="44.311051" lon="6.738316"><ele>1787</ele></trkpt>
      <trkpt lat="44.311293" lon="6.737771"><ele>1790.4</ele></trkpt>
      <trkpt lat="44.31141" lon="6.737161"><ele>1794.8</ele></trkpt>
      <trkpt lat="44.311216" lon="6.73695"><ele>1797.2</ele></trkpt>
      <trkpt lat="44.31088" lon="6.737359"><ele>1799.4</ele></trkpt>
      <trkpt lat="44.310848" lon="6.736975"><ele>1804.8</ele></trkpt>
      <trkpt lat="44.31118" lon="6.736581"><ele>1808.6</ele></trkpt>
      <trkpt lat="44.310842" lon="6.736538"><ele>1812.2</ele></trkpt>
      <trkpt lat="44.310483" lon="6.736875"><ele>1815.6</ele></trkpt>
      <trkpt lat="44.31029" lon="6.737431"><ele>1820.8</ele></trkpt>
      <trkpt lat="44.31011" lon="6.738009"><ele>1826.2</ele></trkpt>
      <trkpt lat="44.31007" lon="6.738624"><ele>1830</ele></trkpt>
      <trkpt lat="44.309863" lon="6.739176"><ele>1833.6</ele></trkpt>
      <trkpt lat="44.309586" lon="6.739647"><ele>1836.4</ele></trkpt>
      <trkpt lat="44.3092" lon="6.739954"><ele>1839</ele></trkpt>
      <trkpt lat="44.308898" lon="6.740408"><ele>1840.2</ele></trkpt>
      <trkpt lat="44.308474" lon="6.740673"><ele>1843.4</ele></trkpt>
      <trkpt lat="44.308224" lon="6.741179"><ele>1848.4</ele></trkpt>
      <trkpt lat="44.308094" lon="6.741745"><ele>1851.2</ele></trkpt>
      <trkpt lat="44.307659" lon="6.741825"><ele>1852.2</ele></trkpt>
      <trkpt lat="44.307239" lon="6.741954"><ele>1855</ele></trkpt>
      <trkpt lat="44.30682" lon="6.742234"><ele>1857.2</ele></trkpt>
      <trkpt lat="44.306402" lon="6.742436"><ele>1859.2</ele></trkpt>
      <trkpt lat="44.305971" lon="6.742635"><ele>1861.2</ele></trkpt>
      <trkpt lat="44.30556" lon="6.742857"><ele>1863.2</ele></trkpt>
      <trkpt lat="44.305208" lon="6.743263"><ele>1865.6</ele></trkpt>
      <trkpt lat="44.304863" lon="6.743655"><ele>1868.6</ele></trkpt>
      <trkpt lat="44.304459" lon="6.743971"><ele>1870.4</ele></trkpt>
      <trkpt lat="44.304026" lon="6.744132"><ele>1872.2</ele></trkpt>
      <trkpt lat="44.303597" lon="6.744215"><ele>1873.6</ele></trkpt>
      <trkpt lat="44.303175" lon="6.743974"><ele>1875.6</ele></trkpt>
      <trkpt lat="44.302781" lon="6.744197"><ele>1877.6</ele></trkpt>
      <trkpt lat="44.302345" lon="6.744428"><ele>1879.6</ele></trkpt>
      <trkpt lat="44.3019" lon="6.7445"><ele>1881.8</ele></trkpt>
      <trkpt lat="44.301466" lon="6.744485"><ele>1884</ele></trkpt>
      <trkpt lat="44.301011" lon="6.744328"><ele>1885.6</ele></trkpt>
      <trkpt lat="44.300584" lon="6.744183"><ele>1887.4</ele></trkpt>
      <trkpt lat="44.300145" lon="6.744159"><ele>1890</ele></trkpt>
      <trkpt lat="44.299692" lon="6.744122"><ele>1892</ele></trkpt>
      <trkpt lat="44.299242" lon="6.744084"><ele>1893.8</ele></trkpt>
      <trkpt lat="44.298775" lon="6.744065"><ele>1896</ele></trkpt>
      <trkpt lat="44.298341" lon="6.744206"><ele>1898.2</ele></trkpt>
      <trkpt lat="44.297908" lon="6.744297"><ele>1899.8</ele></trkpt>
      <trkpt lat="44.297481" lon="6.744128"><ele>1901.4</ele></trkpt>
      <trkpt lat="44.297082" lon="6.743853"><ele>1903.6</ele></trkpt>
      <trkpt lat="44.296605" lon="6.743768"><ele>1906</ele></trkpt>
      <trkpt lat="44.296155" lon="6.743855"><ele>1908.8</ele></trkpt>
      <trkpt lat="44.295723" lon="6.743894"><ele>1911.2</ele></trkpt>
      <trkpt lat="44.295275" lon="6.743822"><ele>1914</ele></trkpt>
      <trkpt lat="44.29481" lon="6.743729"><ele>1916.4</ele></trkpt>
      <trkpt lat="44.29436" lon="6.743755"><ele>1918.4</ele></trkpt>
      <trkpt lat="44.293913" lon="6.74387"><ele>1920.4</ele></trkpt>
      <trkpt lat="44.293471" lon="6.74394"><ele>1922.8</ele></trkpt>
      <trkpt lat="44.293033" lon="6.74398"><ele>1924.8</ele></trkpt>
      <trkpt lat="44.292594" lon="6.743896"><ele>1926.4</ele></trkpt>
      <trkpt lat="44.292159" lon="6.744083"><ele>1928.2</ele></trkpt>
      <trkpt lat="44.291753" lon="6.743901"><ele>1929.8</ele></trkpt>
      <trkpt lat="44.291287" lon="6.74391"><ele>1931.8</ele></trkpt>
      <trkpt lat="44.290848" lon="6.743922"><ele>1933.8</ele></trkpt>
      <trkpt lat="44.290401" lon="6.743843"><ele>1935</ele></trkpt>
      <trkpt lat="44.289971" lon="6.743679"><ele>1937</ele></trkpt>
      <trkpt lat="44.289536" lon="6.743466"><ele>1939.2</ele></trkpt>
      <trkpt lat="44.289115" lon="6.743249"><ele>1941.8</ele></trkpt>
      <trkpt lat="44.288703" lon="6.743025"><ele>1943.8</ele></trkpt>
      <trkpt lat="44.288304" lon="6.742748"><ele>1945.4</ele></trkpt>
      <trkpt lat="44.287862" lon="6.742488"><ele>1947.6</ele></trkpt>
      <trkpt lat="44.287469" lon="6.742269"><ele>1949.4</ele></trkpt>
      <trkpt lat="44.28701" lon="6.742238"><ele>1951</ele></trkpt>
      <trkpt lat="44.286566" lon="6.742354"><ele>1952.8</ele></trkpt>
      <trkpt lat="44.286117" lon="6.742327"><ele>1954.4</ele></trkpt>
      <trkpt lat="44.285699" lon="6.742213"><ele>1956.4</ele></trkpt>
      <trkpt lat="44.28526" lon="6.741997"><ele>1958.2</ele></trkpt>
      <trkpt lat="44.284807" lon="6.742063"><ele>1960.2</ele></trkpt>
      <trkpt lat="44.284394" lon="6.742208"><ele>1962</ele></trkpt>
      <trkpt lat="44.283951" lon="6.742435"><ele>1964.2</ele></trkpt>
      <trkpt lat="44.283604" lon="6.742792"><ele>1966</ele></trkpt>
      <trkpt lat="44.28365" lon="6.743422"><ele>1967.8</ele></trkpt>
      <trkpt lat="44.283887" lon="6.743884"><ele>1969.6</ele></trkpt>
      <trkpt lat="44.284335" lon="6.74393"><ele>1972.6</ele></trkpt>
      <trkpt lat="44.284782" lon="6.743943"><ele>1975.8</ele></trkpt>
      <trkpt lat="44.285237" lon="6.743971"><ele>1979.8</ele></trkpt>
      <trkpt lat="44.285541" lon="6.744344"><ele>1983.4</ele></trkpt>
      <trkpt lat="44.285215" lon="6.744728"><ele>1985.4</ele></trkpt>
      <trkpt lat="44.284959" lon="6.74515"><ele>1988.4</ele></trkpt>
      <trkpt lat="44.285138" lon="6.745742"><ele>1992.4</ele></trkpt>
      <trkpt lat="44.284825" lon="6.746006"><ele>1996.8</ele></trkpt>
      <trkpt lat="44.284437" lon="6.745737"><ele>2000.2</ele></trkpt>
      <trkpt lat="44.28403" lon="6.745473"><ele>2004.6</ele></trkpt>
      <trkpt lat="44.283584" lon="6.745487"><ele>2008</ele></trkpt>
      <trkpt lat="44.283249" lon="6.7459"><ele>2011.2</ele></trkpt>
      <trkpt lat="44.282856" lon="6.746181"><ele>2015</ele></trkpt>
      <trkpt lat="44.282419" lon="6.746197"><ele>2018</ele></trkpt>
      <trkpt lat="44.281955" lon="6.74621"><ele>2022.6</ele></trkpt>
      <trkpt lat="44.281528" lon="6.746042"><ele>2026.6</ele></trkpt>
      <trkpt lat="44.281114" lon="6.745757"><ele>2030</ele></trkpt>
      <trkpt lat="44.28071" lon="6.745562"><ele>2034.2</ele></trkpt>
      <trkpt lat="44.28031" lon="6.74529"><ele>2038.6</ele></trkpt>
      <trkpt lat="44.280461" lon="6.744739"><ele>2041</ele></trkpt>
      <trkpt lat="44.280698" lon="6.744236"><ele>2043.8</ele></trkpt>
      <trkpt lat="44.280946" lon="6.743717"><ele>2045.8</ele></trkpt>
      <trkpt lat="44.281105" lon="6.743142"><ele>2049.8</ele></trkpt>
      <trkpt lat="44.280825" lon="6.742685"><ele>2052.4</ele></trkpt>
      <trkpt lat="44.280455" lon="6.742349"><ele>2056.4</ele></trkpt>
      <trkpt lat="44.280322" lon="6.741751"><ele>2060.2</ele></trkpt>
      <trkpt lat="44.280015" lon="6.741371"><ele>2063.2</ele></trkpt>
      <trkpt lat="44.279621" lon="6.741543"><ele>2066.2</ele></trkpt>
      <trkpt lat="44.279259" lon="6.741914"><ele>2070.6</ele></trkpt>
      <trkpt lat="44.278852" lon="6.742196"><ele>2074.4</ele></trkpt>
      <trkpt lat="44.278526" lon="6.742592"><ele>2078.8</ele></trkpt>
      <trkpt lat="44.278631" lon="6.743151"><ele>2083.8</ele></trkpt>
      <trkpt lat="44.278893" lon="6.743677"><ele>2088.2</ele></trkpt>
      <trkpt lat="44.279154" lon="6.744171"><ele>2091.6</ele></trkpt>
      <trkpt lat="44.279216" lon="6.744808"><ele>2096.2</ele></trkpt>
      <trkpt lat="44.279277" lon="6.745392"><ele>2099.8</ele></trkpt>
      <trkpt lat="44.279196" lon="6.746007"><ele>2103.2</ele></trkpt>
      <trkpt lat="44.278826" lon="6.74623"><ele>2106.2</ele></trkpt>
      <trkpt lat="44.278316" lon="6.746298"><ele>2113.8</ele></trkpt>
      <trkpt lat="44.277863" lon="6.746375"><ele>2117.6</ele></trkpt>
      <trkpt lat="44.277455" lon="6.746154"><ele>2121.4</ele></trkpt>
      <trkpt lat="44.277021" lon="6.746045"><ele>2125.2</ele></trkpt>
      <trkpt lat="44.276579" lon="6.746199"><ele>2127.8</ele></trkpt>
      <trkpt lat="44.276575" lon="6.745784"><ele>2132.2</ele></trkpt>
      <trkpt lat="44.276999" lon="6.745601"><ele>2134.8</ele></trkpt>
      <trkpt lat="44.277431" lon="6.745386"><ele>2138</ele></trkpt>
      <trkpt lat="44.277802" lon="6.745057"><ele>2141.4</ele></trkpt>
      <trkpt lat="44.277876" lon="6.744474"><ele>2143.6</ele></trkpt>
      <trkpt lat="44.27754" lon="6.744106"><ele>2146</ele></trkpt>
      <trkpt lat="44.277131" lon="6.744261"><ele>2150.8</ele></trkpt>
      <trkpt lat="44.276835" lon="6.744718"><ele>2154.8</ele></trkpt>
      <trkpt lat="44.276422" lon="6.744966"><ele>2157.4</ele></trkpt>
      <trkpt lat="44.275966" lon="6.744991"><ele>2160.8</ele></trkpt>
      <trkpt lat="44.275515" lon="6.74494"><ele>2164.8</ele></trkpt>
      <trkpt lat="44.275081" lon="6.744865"><ele>2168.2</ele></trkpt>
      <trkpt lat="44.274634" lon="6.744921"><ele>2172</ele></trkpt>
      <trkpt lat="44.274197" lon="6.744786"><ele>2175.2</ele></trkpt>
      <trkpt lat="44.273772" lon="6.745014"><ele>2178.4</ele></trkpt>
      <trkpt lat="44.27335" lon="6.745044"><ele>2182.8</ele></trkpt>
      <trkpt lat="44.272913" lon="6.744841"><ele>2185.8</ele></trkpt>
      <trkpt lat="44.272475" lon="6.7448"><ele>2189.6</ele></trkpt>
      <trkpt lat="44.27203" lon="6.744897"><ele>2193.4</ele></trkpt>
      <trkpt lat="44.271625" lon="6.745185"><ele>2197</ele></trkpt>
      <trkpt lat="44.271451" lon="6.745747"><ele>2200.4</ele></trkpt>
      <trkpt lat="44.271224" lon="6.746243"><ele>2203.2</ele></trkpt>
      <trkpt lat="44.270835" lon="6.746559"><ele>2206.2</ele></trkpt>
      <trkpt lat="44.270391" lon="6.746739"><ele>2210.4</ele></trkpt>
      <trkpt lat="44.269966" lon="6.746664"><ele>2214</ele></trkpt>
      <trkpt lat="44.269529" lon="6.746478"><ele>2217.2</ele></trkpt>
      <trkpt lat="44.269166" lon="6.746168"><ele>2221</ele></trkpt>
      <trkpt lat="44.268721" lon="6.746282"><ele>2224.6</ele></trkpt>
      <trkpt lat="44.26827" lon="6.746378"><ele>2227</ele></trkpt>
      <trkpt lat="44.267821" lon="6.746325"><ele>2230.6</ele></trkpt>
      <trkpt lat="44.267399" lon="6.746121"><ele>2235</ele></trkpt>
      <trkpt lat="44.266965" lon="6.745969"><ele>2239</ele></trkpt>
      <trkpt lat="44.26653" lon="6.746085"><ele>2242.8</ele></trkpt>
      <trkpt lat="44.266089" lon="6.746022"><ele>2246.4</ele></trkpt>
      <trkpt lat="44.265657" lon="6.745907"><ele>2250.8</ele></trkpt>
      <trkpt lat="44.265207" lon="6.745947"><ele>2254</ele></trkpt>
      <trkpt lat="44.264761" lon="6.746056"><ele>2256.8</ele></trkpt>
      <trkpt lat="44.264304" lon="6.746058"><ele>2260.8</ele></trkpt>
      <trkpt lat="44.263871" lon="6.745956"><ele>2264</ele></trkpt>
      <trkpt lat="44.263577" lon="6.745529"><ele>2267</ele></trkpt>
      <trkpt lat="44.263827" lon="6.745068"><ele>2270.2</ele></trkpt>
      <trkpt lat="44.264277" lon="6.74503"><ele>2273.2</ele></trkpt>
      <trkpt lat="44.264327" lon="6.744508"><ele>2274.6</ele></trkpt>
      <trkpt lat="44.264078" lon="6.744046"><ele>2277.8</ele></trkpt>
      <trkpt lat="44.264003" lon="6.74343"><ele>2281.4</ele></trkpt>
      <trkpt lat="44.263769" lon="6.742881"><ele>2285.4</ele></trkpt>
      <trkpt lat="44.263697" lon="6.742268"><ele>2289.2</ele></trkpt>
      <trkpt lat="44.263369" lon="6.742166"><ele>2289.8</ele></trkpt>
      <trkpt lat="44.263008" lon="6.742519"><ele>2294</ele></trkpt>
      <trkpt lat="44.262566" lon="6.742538"><ele>2298.4</ele></trkpt>
      <trkpt lat="44.262113" lon="6.742453"><ele>2302</ele></trkpt>
      <trkpt lat="44.261675" lon="6.742398"><ele>2305.4</ele></trkpt>
      <trkpt lat="44.26124" lon="6.742568"><ele>2308.8</ele></trkpt>
      <trkpt lat="44.260819" lon="6.742811"><ele>2311.8</ele></trkpt>
      <trkpt lat="44.260442" lon="6.743134"><ele>2315.2</ele></trkpt>
      <trkpt lat="44.260109" lon="6.743567"><ele>2319.4</ele></trkpt>
      <trkpt lat="44.259687" lon="6.743766"><ele>2323</ele></trkpt>
      <trkpt lat="44.259266" lon="6.743927"><ele>2326.6</ele></trkpt>
      <trkpt lat="44.255511" lon="6.747465"><ele>2274.2</ele></trkpt>
      <trkpt lat="44.255608" lon="6.748171"><ele>2270.2</ele></trkpt>
      <trkpt lat="44.255626" lon="6.74872"><ele>2266</ele></trkpt>
      <trkpt lat="44.255534" lon="6.7494"><ele>2262.2</ele></trkpt>
      <trkpt lat="44.255613" lon="6.749919"><ele>2259.6</ele></trkpt>
      <trkpt lat="44.255712" lon="6.750547"><ele>2256.2</ele></trkpt>
      <trkpt lat="44.255572" lon="6.751164"><ele>2252.6</ele></trkpt>
      <trkpt lat="44.255889" lon="6.751572"><ele>2250.6</ele></trkpt>
      <trkpt lat="44.255717" lon="6.751669"><ele>2246.4</ele></trkpt>
      <trkpt lat="44.255483" lon="6.751169"><ele>2242.8</ele></trkpt>
      <trkpt lat="44.255367" lon="6.750557"><ele>2238.4</ele></trkpt>
      <trkpt lat="44.255203" lon="6.749987"><ele>2234.4</ele></trkpt>
      <trkpt lat="44.255121" lon="6.749382"><ele>2230</ele></trkpt>
      <trkpt lat="44.255017" lon="6.748792"><ele>2226.2</ele></trkpt>
      <trkpt lat="44.254712" lon="6.74824"><ele>2222.8</ele></trkpt>
      <trkpt lat="44.254436" lon="6.747792"><ele>2218.8</ele></trkpt>
      <trkpt lat="44.254106" lon="6.747418"><ele>2215.2</ele></trkpt>
      <trkpt lat="44.253658" lon="6.747525"><ele>2211.8</ele></trkpt>
      <trkpt lat="44.253397" lon="6.747953"><ele>2207.6</ele></trkpt>
      <trkpt lat="44.253838" lon="6.747893"><ele>2202.8</ele></trkpt>
      <trkpt lat="44.25424" lon="6.748199"><ele>2200</ele></trkpt>
      <trkpt lat="44.254448" lon="6.748728"><ele>2196.6</ele></trkpt>
      <trkpt lat="44.25454" lon="6.749311"><ele>2192.6</ele></trkpt>
      <trkpt lat="44.254522" lon="6.749914"><ele>2188.4</ele></trkpt>
      <trkpt lat="44.254676" lon="6.750603"><ele>2184</ele></trkpt>
      <trkpt lat="44.254767" lon="6.751107"><ele>2180.8</ele></trkpt>
      <trkpt lat="44.254744" lon="6.751813"><ele>2175.8</ele></trkpt>
      <trkpt lat="44.254495" lon="6.752271"><ele>2172.6</ele></trkpt>
      <trkpt lat="44.254128" lon="6.752641"><ele>2168.6</ele></trkpt>
      <trkpt lat="44.253872" lon="6.75315"><ele>2164.8</ele></trkpt>
      <trkpt lat="44.253872" lon="6.753743"><ele>2161.4</ele></trkpt>
      <trkpt lat="44.253875" lon="6.754431"><ele>2156.6</ele></trkpt>
      <trkpt lat="44.253775" lon="6.753933"><ele>2152.4</ele></trkpt>
      <trkpt lat="44.253617" lon="6.753341"><ele>2149.2</ele></trkpt>
      <trkpt lat="44.253577" lon="6.752715"><ele>2145.4</ele></trkpt>
      <trkpt lat="44.253534" lon="6.75214"><ele>2142</ele></trkpt>
      <trkpt lat="44.253587" lon="6.751536"><ele>2138.6</ele></trkpt>
      <trkpt lat="44.253845" lon="6.751008"><ele>2134.4</ele></trkpt>
      <trkpt lat="44.253824" lon="6.750362"><ele>2129.8</ele></trkpt>
      <trkpt lat="44.253447" lon="6.750064"><ele>2126.2</ele></trkpt>
      <trkpt lat="44.253048" lon="6.749985"><ele>2121.6</ele></trkpt>
      <trkpt lat="44.253334" lon="6.750448"><ele>2118.6</ele></trkpt>
      <trkpt lat="44.253445" lon="6.751001"><ele>2115</ele></trkpt>
      <trkpt lat="44.253173" lon="6.751485"><ele>2111.2</ele></trkpt>
      <trkpt lat="44.252816" lon="6.751899"><ele>2106.8</ele></trkpt>
      <trkpt lat="44.252548" lon="6.752403"><ele>2103.2</ele></trkpt>
      <trkpt lat="44.252329" lon="6.752919"><ele>2098.6</ele></trkpt>
      <trkpt lat="44.252426" lon="6.753478"><ele>2095.2</ele></trkpt>
      <trkpt lat="44.252505" lon="6.754103"><ele>2091.4</ele></trkpt>
      <trkpt lat="44.252218" lon="6.754578"><ele>2087.6</ele></trkpt>
      <trkpt lat="44.251804" lon="6.754776"><ele>2080</ele></trkpt>
      <trkpt lat="44.251536" lon="6.755342"><ele>2077.6</ele></trkpt>
      <trkpt lat="44.251168" lon="6.755705"><ele>2074.6</ele></trkpt>
      <trkpt lat="44.250808" lon="6.756022"><ele>2070.8</ele></trkpt>
      <trkpt lat="44.250422" lon="6.756204"><ele>2067.2</ele></trkpt>
      <trkpt lat="44.249987" lon="6.756568"><ele>2063.6</ele></trkpt>
      <trkpt lat="44.249564" lon="6.756602"><ele>2060.2</ele></trkpt>
      <trkpt lat="44.249143" lon="6.756767"><ele>2055.8</ele></trkpt>
      <trkpt lat="44.248637" lon="6.756812"><ele>2052</ele></trkpt>
      <trkpt lat="44.248211" lon="6.757055"><ele>2048.2</ele></trkpt>
      <trkpt lat="44.248187" lon="6.757483"><ele>2046.4</ele></trkpt>
      <trkpt lat="44.248374" lon="6.757931"><ele>2044.6</ele></trkpt>
      <trkpt lat="44.248755" lon="6.758328"><ele>2040.8</ele></trkpt>
      <trkpt lat="44.249032" lon="6.758811"><ele>2036.4</ele></trkpt>
      <trkpt lat="44.249159" lon="6.759458"><ele>2032.8</ele></trkpt>
      <trkpt lat="44.24932" lon="6.75995"><ele>2029.2</ele></trkpt>
      <trkpt lat="44.249475" lon="6.760574"><ele>2024.6</ele></trkpt>
      <trkpt lat="44.249516" lon="6.761226"><ele>2020.2</ele></trkpt>
      <trkpt lat="44.249655" lon="6.76182"><ele>2016.6</ele></trkpt>
      <trkpt lat="44.249776" lon="6.762461"><ele>2012.8</ele></trkpt>
      <trkpt lat="44.24981" lon="6.763062"><ele>2008.8</ele></trkpt>
      <trkpt lat="44.249916" lon="6.763638"><ele>2005.2</ele></trkpt>
      <trkpt lat="44.25" lon="6.764292"><ele>2001.2</ele></trkpt>
      <trkpt lat="44.249922" lon="6.764891"><ele>1996.6</ele></trkpt>
      <trkpt lat="44.249769" lon="6.765495"><ele>1993.6</ele></trkpt>
      <trkpt lat="44.249443" lon="6.765239"><ele>1990.8</ele></trkpt>
      <trkpt lat="44.249467" lon="6.764656"><ele>1988.4</ele></trkpt>
      <trkpt lat="44.249361" lon="6.764109"><ele>1985.4</ele></trkpt>
      <trkpt lat="44.249048" lon="6.763663"><ele>1981.6</ele></trkpt>
      <trkpt lat="44.248748" lon="6.763074"><ele>1976.8</ele></trkpt>
      <trkpt lat="44.248632" lon="6.76259"><ele>1973.4</ele></trkpt>
      <trkpt lat="44.248446" lon="6.761877"><ele>1967.6</ele></trkpt>
      <trkpt lat="44.24828" lon="6.761379"><ele>1964.4</ele></trkpt>
      <trkpt lat="44.248059" lon="6.760815"><ele>1961</ele></trkpt>
      <trkpt lat="44.247784" lon="6.760333"><ele>1957.4</ele></trkpt>
      <trkpt lat="44.247345" lon="6.76005"><ele>1953.4</ele></trkpt>
      <trkpt lat="44.247" lon="6.759703"><ele>1949.4</ele></trkpt>
      <trkpt lat="44.246913" lon="6.759145"><ele>1945.6</ele></trkpt>
      <trkpt lat="44.246866" lon="6.758481"><ele>1940.8</ele></trkpt>
      <trkpt lat="44.2468" lon="6.757783"><ele>1936.4</ele></trkpt>
      <trkpt lat="44.246733" lon="6.757208"><ele>1933</ele></trkpt>
      <trkpt lat="44.246661" lon="6.756636"><ele>1929.4</ele></trkpt>
      <trkpt lat="44.246387" lon="6.756153"><ele>1925.8</ele></trkpt>
      <trkpt lat="44.246002" lon="6.755801"><ele>1921.6</ele></trkpt>
      <trkpt lat="44.245659" lon="6.755438"><ele>1917</ele></trkpt>
      <trkpt lat="44.245208" lon="6.755105"><ele>1912.4</ele></trkpt>
      <trkpt lat="44.244846" lon="6.754877"><ele>1909.4</ele></trkpt>
      <trkpt lat="44.244392" lon="6.754562"><ele>1904.4</ele></trkpt>
      <trkpt lat="44.244201" lon="6.75406"><ele>1900.6</ele></trkpt>
      <trkpt lat="44.244162" lon="6.754377"><ele>1899.4</ele></trkpt>
      <trkpt lat="44.244421" lon="6.754864"><ele>1896.4</ele></trkpt>
      <trkpt lat="44.244623" lon="6.755393"><ele>1893.4</ele></trkpt>
      <trkpt lat="44.244453" lon="6.755989"><ele>1889.4</ele></trkpt>
      <trkpt lat="44.24441" lon="6.756565"><ele>1886.4</ele></trkpt>
      <trkpt lat="44.244776" lon="6.75692"><ele>1883.6</ele></trkpt>
      <trkpt lat="44.244662" lon="6.757154"><ele>1881.2</ele></trkpt>
      <trkpt lat="44.244208" lon="6.757004"><ele>1877.2</ele></trkpt>
      <trkpt lat="44.243738" lon="6.756815"><ele>1872.8</ele></trkpt>
      <trkpt lat="44.243436" lon="6.756394"><ele>1868.8</ele></trkpt>
      <trkpt lat="44.243253" lon="6.755895"><ele>1865</ele></trkpt>
      <trkpt lat="44.243041" lon="6.755253"><ele>1859.6</ele></trkpt>
      <trkpt lat="44.242929" lon="6.754948"><ele>1857</ele></trkpt>
      <trkpt lat="44.242751" lon="6.754317"><ele>1853</ele></trkpt>
      <trkpt lat="44.24261" lon="6.753833"><ele>1849.8</ele></trkpt>
      <trkpt lat="44.242391" lon="6.753151"><ele>1845.6</ele></trkpt>
      <trkpt lat="44.24218" lon="6.752622"><ele>1842</ele></trkpt>
      <trkpt lat="44.241743" lon="6.752396"><ele>1837.8</ele></trkpt>
      <trkpt lat="44.241377" lon="6.752426"><ele>1834.6</ele></trkpt>
      <trkpt lat="44.240876" lon="6.752344"><ele>1829.6</ele></trkpt>
      <trkpt lat="44.240519" lon="6.752103"><ele>1825.8</ele></trkpt>
      <trkpt lat="44.239999" lon="6.751862"><ele>1821</ele></trkpt>
      <trkpt lat="44.239604" lon="6.751762"><ele>1817.6</ele></trkpt>
      <trkpt lat="44.239131" lon="6.751583"><ele>1813.8</ele></trkpt>
      <trkpt lat="44.238855" lon="6.751236"><ele>1810.8</ele></trkpt>
      <trkpt lat="44.238398" lon="6.751066"><ele>1808</ele></trkpt>
      <trkpt lat="44.238017" lon="6.751433"><ele>1804.8</ele></trkpt>
      <trkpt lat="44.237576" lon="6.751551"><ele>1801.4</ele></trkpt>
      <trkpt lat="44.237093" lon="6.751516"><ele>1798.2</ele></trkpt>
      <trkpt lat="44.236768" lon="6.75136"><ele>1796.4</ele></trkpt>
      <trkpt lat="44.236265" lon="6.751115"><ele>1793.4</ele></trkpt>
      <trkpt lat="44.235855" lon="6.75115"><ele>1790.6</ele></trkpt>
      <trkpt lat="44.235566" lon="6.751585"><ele>1788.2</ele></trkpt>
      <trkpt lat="44.235238" lon="6.752108"><ele>1787.4</ele></trkpt>
      <trkpt lat="44.234842" lon="6.752394"><ele>1787</ele></trkpt>
      <trkpt lat="44.234469" lon="6.752407"><ele>1785.8</ele></trkpt>
      <trkpt lat="44.233946" lon="6.752415"><ele>1781.8</ele></trkpt>
      <trkpt lat="44.233499" lon="6.752287"><ele>1777.8</ele></trkpt>
      <trkpt lat="44.233053" lon="6.752075"><ele>1773.8</ele></trkpt>
      <trkpt lat="44.232707" lon="6.751882"><ele>1770.8</ele></trkpt>
      <trkpt lat="44.232558" lon="6.751254"><ele>1767.2</ele></trkpt>
      <trkpt lat="44.232194" lon="6.751013"><ele>1763.4</ele></trkpt>
      <trkpt lat="44.231681" lon="6.751013"><ele>1758.2</ele></trkpt>
      <trkpt lat="44.231546" lon="6.750485"><ele>1755</ele></trkpt>
      <trkpt lat="44.231353" lon="6.749993"><ele>1751.4</ele></trkpt>
      <trkpt lat="44.230872" lon="6.74974"><ele>1745.8</ele></trkpt>
      <trkpt lat="44.230588" lon="6.749365"><ele>1742.2</ele></trkpt>
      <trkpt lat="44.230395" lon="6.748865"><ele>1738.6</ele></trkpt>
      <trkpt lat="44.229949" lon="6.748692"><ele>1733.2</ele></trkpt>
      <trkpt lat="44.229451" lon="6.74884"><ele>1727.6</ele></trkpt>
      <trkpt lat="44.229053" lon="6.748995"><ele>1723.6</ele></trkpt>
      <trkpt lat="44.228608" lon="6.748878"><ele>1719.6</ele></trkpt>
      <trkpt lat="44.228197" lon="6.748781"><ele>1715.6</ele></trkpt>
      <trkpt lat="44.22778" lon="6.748793"><ele>1711.2</ele></trkpt>
      <trkpt lat="44.227361" lon="6.748585"><ele>1707.8</ele></trkpt>
      <trkpt lat="44.226868" lon="6.748777"><ele>1704.4</ele></trkpt>
      <trkpt lat="44.22641" lon="6.748689"><ele>1700.4</ele></trkpt>
      <trkpt lat="44.226027" lon="6.748487"><ele>1697.2</ele></trkpt>
      <trkpt lat="44.225553" lon="6.74859"><ele>1693.2</ele></trkpt>
      <trkpt lat="44.225135" lon="6.74846"><ele>1689.4</ele></trkpt>
      <trkpt lat="44.224791" lon="6.748235"><ele>1685.6</ele></trkpt>
      <trkpt lat="44.224243" lon="6.74816"><ele>1680.8</ele></trkpt>
      <trkpt lat="44.223881" lon="6.748123"><ele>1677</ele></trkpt>
      <trkpt lat="44.223393" lon="6.748083"><ele>1671.2</ele></trkpt>
      <trkpt lat="44.222909" lon="6.7481"><ele>1667.4</ele></trkpt>
      <trkpt lat="44.222467" lon="6.748137"><ele>1664</ele></trkpt>
      <trkpt lat="44.222093" lon="6.748111"><ele>1661.4</ele></trkpt>
      <trkpt lat="44.221648" lon="6.748007"><ele>1657.2</ele></trkpt>
      <trkpt lat="44.221219" lon="6.747573"><ele>1652.8</ele></trkpt>
      <trkpt lat="44.220856" lon="6.747177"><ele>1648.6</ele></trkpt>
      <trkpt lat="44.220655" lon="6.746751"><ele>1644.8</ele></trkpt>
      <trkpt lat="44.220383" lon="6.746159"><ele>1640</ele></trkpt>
      <trkpt lat="44.220099" lon="6.745748"><ele>1637</ele></trkpt>
      <trkpt lat="44.219618" lon="6.745599"><ele>1633.8</ele></trkpt>
      <trkpt lat="44.219181" lon="6.745513"><ele>1631</ele></trkpt>
      <trkpt lat="44.218825" lon="6.745449"><ele>1629.6</ele></trkpt>
      <trkpt lat="44.219185" lon="6.745797"><ele>1625</ele></trkpt>
      <trkpt lat="44.219585" lon="6.745969"><ele>1620.8</ele></trkpt>
      <trkpt lat="44.219863" lon="6.746442"><ele>1615.4</ele></trkpt>
      <trkpt lat="44.219822" lon="6.747025"><ele>1611.6</ele></trkpt>
      <trkpt lat="44.219592" lon="6.74768"><ele>1605.8</ele></trkpt>
      <trkpt lat="44.219346" lon="6.748082"><ele>1602.2</ele></trkpt>
      <trkpt lat="44.218928" lon="6.747904"><ele>1600.4</ele></trkpt>
      <trkpt lat="44.218495" lon="6.74779"><ele>1599.2</ele></trkpt>
      <trkpt lat="44.218039" lon="6.748045"><ele>1597.6</ele></trkpt>
      <trkpt lat="44.217712" lon="6.748408"><ele>1596.4</ele></trkpt>
      <trkpt lat="44.217327" lon="6.748826"><ele>1595.6</ele></trkpt>
      <trkpt lat="44.21689" lon="6.748991"><ele>1595.2</ele></trkpt>
      <trkpt lat="44.216506" lon="6.749155"><ele>1595</ele></trkpt>
      <trkpt lat="44.216137" lon="6.748774"><ele>1592.6</ele></trkpt>
      <trkpt lat="44.215916" lon="6.748343"><ele>1591.6</ele></trkpt>
      <trkpt lat="44.215431" lon="6.748171"><ele>1590.6</ele></trkpt>
      <trkpt lat="44.215055" lon="6.747855"><ele>1588.8</ele></trkpt>
      <trkpt lat="44.214649" lon="6.747722"><ele>1587.8</ele></trkpt>
      <trkpt lat="44.214217" lon="6.74776"><ele>1586.2</ele></trkpt>
      <trkpt lat="44.213726" lon="6.747753"><ele>1585.6</ele></trkpt>
      <trkpt lat="44.213319" lon="6.747735"><ele>1585</ele></trkpt>
      <trkpt lat="44.21291" lon="6.74737"><ele>1583.8</ele></trkpt>
      <trkpt lat="44.21247" lon="6.747292"><ele>1581.4</ele></trkpt>
      <trkpt lat="44.21207" lon="6.747125"><ele>1579.4</ele></trkpt>
      <trkpt lat="44.211597" lon="6.747081"><ele>1576.8</ele></trkpt>
      <trkpt lat="44.211221" lon="6.74689"><ele>1573.2</ele></trkpt>
      <trkpt lat="44.210904" lon="6.746459"><ele>1569.2</ele></trkpt>
      <trkpt lat="44.210405" lon="6.74654"><ele>1564.6</ele></trkpt>
      <trkpt lat="44.210026" lon="6.746182"><ele>1560</ele></trkpt>
      <trkpt lat="44.209767" lon="6.745674"><ele>1556.2</ele></trkpt>
      <trkpt lat="44.209557" lon="6.745249"><ele>1552.4</ele></trkpt>
      <trkpt lat="44.209269" lon="6.744758"><ele>1548</ele></trkpt>
      <trkpt lat="44.208871" lon="6.7446"><ele>1545</ele></trkpt>
      <trkpt lat="44.208464" lon="6.74495"><ele>1541</ele></trkpt>
      <trkpt lat="44.208205" lon="6.745421"><ele>1537</ele></trkpt>
      <trkpt lat="44.207796" lon="6.745815"><ele>1532.4</ele></trkpt>
      <trkpt lat="44.207447" lon="6.746141"><ele>1528.8</ele></trkpt>
      <trkpt lat="44.207082" lon="6.745893"><ele>1525.2</ele></trkpt>
      <trkpt lat="44.20658" lon="6.745687"><ele>1520.2</ele></trkpt>
      <trkpt lat="44.206235" lon="6.745636"><ele>1516.6</ele></trkpt>
      <trkpt lat="44.205763" lon="6.745818"><ele>1512.2</ele></trkpt>
      <trkpt lat="44.205273" lon="6.74604"><ele>1507.2</ele></trkpt>
      <trkpt lat="44.204848" lon="6.74621"><ele>1503.6</ele></trkpt>
      <trkpt lat="44.204502" lon="6.745966"><ele>1500.4</ele></trkpt>
      <trkpt lat="44.204106" lon="6.745665"><ele>1496.6</ele></trkpt>
      <trkpt lat="44.203896" lon="6.74622"><ele>1493</ele></trkpt>
      <trkpt lat="44.203646" lon="6.746695"><ele>1488.8</ele></trkpt>
      <trkpt lat="44.20319" lon="6.746721"><ele>1483.8</ele></trkpt>
      <trkpt lat="44.202715" lon="6.746606"><ele>1478.6</ele></trkpt>
      <trkpt lat="44.202261" lon="6.74655"><ele>1475.2</ele></trkpt>
      <trkpt lat="44.202014" lon="6.746911"><ele>1472.8</ele></trkpt>
      <trkpt lat="44.201599" lon="6.747335"><ele>1468</ele></trkpt>
      <trkpt lat="44.201151" lon="6.747266"><ele>1464.4</ele></trkpt>
      <trkpt lat="44.200845" lon="6.747586"><ele>1461.6</ele></trkpt>
      <trkpt lat="44.20052" lon="6.74799"><ele>1457.6</ele></trkpt>
      <trkpt lat="44.200043" lon="6.748153"><ele>1453</ele></trkpt>
      <trkpt lat="44.199647" lon="6.748265"><ele>1449.2</ele></trkpt>
      <trkpt lat="44.199188" lon="6.74836"><ele>1444.2</ele></trkpt>
      <trkpt lat="44.198724" lon="6.748493"><ele>1441.8</ele></trkpt>
      <trkpt lat="44.19849" lon="6.749082"><ele>1438.2</ele></trkpt>
      <trkpt lat="44.198198" lon="6.749224"><ele>1435</ele></trkpt>
      <trkpt lat="44.197906" lon="6.748752"><ele>1430.6</ele></trkpt>
      <trkpt lat="44.197504" lon="6.748633"><ele>1426.4</ele></trkpt>
      <trkpt lat="44.197173" lon="6.749086"><ele>1421.4</ele></trkpt>
      <trkpt lat="44.196817" lon="6.749292"><ele>1417.6</ele></trkpt>
      <trkpt lat="44.196508" lon="6.748839"><ele>1412.8</ele></trkpt>
      <trkpt lat="44.196261" lon="6.748311"><ele>1408.8</ele></trkpt>
      <trkpt lat="44.195847" lon="6.748669"><ele>1405</ele></trkpt>
      <trkpt lat="44.195599" lon="6.749048"><ele>1401.6</ele></trkpt>
      <trkpt lat="44.195189" lon="6.749453"><ele>1397.4</ele></trkpt>
      <trkpt lat="44.194966" lon="6.748979"><ele>1393.6</ele></trkpt>
      <trkpt lat="44.194968" lon="6.748455"><ele>1390.4</ele></trkpt>
      <trkpt lat="44.19464" lon="6.748012"><ele>1386.2</ele></trkpt>
      <trkpt lat="44.19426" lon="6.748247"><ele>1382.4</ele></trkpt>
      <trkpt lat="44.194156" lon="6.747996"><ele>1379</ele></trkpt>
      <trkpt lat="44.194602" lon="6.747715"><ele>1375</ele></trkpt>
      <trkpt lat="44.194969" lon="6.747616"><ele>1371.8</ele></trkpt>
      <trkpt lat="44.195421" lon="6.747659"><ele>1367.8</ele></trkpt>
      <trkpt lat="44.195567" lon="6.747011"><ele>1363.2</ele></trkpt>
      <trkpt lat="44.195571" lon="6.746479"><ele>1359.4</ele></trkpt>
      <trkpt lat="44.19599" lon="6.746397"><ele>1354.8</ele></trkpt>
      <trkpt lat="44.196359" lon="6.746721"><ele>1351.2</ele></trkpt>
      <trkpt lat="44.196248" lon="6.74636"><ele>1348.4</ele></trkpt>
      <trkpt lat="44.195837" lon="6.745992"><ele>1344.2</ele></trkpt>
      <trkpt lat="44.195423" lon="6.745944"><ele>1340.2</ele></trkpt>
      <trkpt lat="44.195289" lon="6.74651"><ele>1336.6</ele></trkpt>
      <trkpt lat="44.194958" lon="6.746266"><ele>1332.4</ele></trkpt>
      <trkpt lat="44.194476" lon="6.746403"><ele>1328</ele></trkpt>
      <trkpt lat="44.194081" lon="6.746338"><ele>1324</ele></trkpt>
      <trkpt lat="44.193612" lon="6.746591"><ele>1319.4</ele></trkpt>
      <trkpt lat="44.193179" lon="6.746827"><ele>1314.6</ele></trkpt>
      <trkpt lat="44.192928" lon="6.747185"><ele>1310.8</ele></trkpt>
      <trkpt lat="44.192543" lon="6.747507"><ele>1307.2</ele></trkpt>
      <trkpt lat="44.19212" lon="6.747469"><ele>1303.8</ele></trkpt>
      <trkpt lat="44.191605" lon="6.747545"><ele>1299.4</ele></trkpt>
      <trkpt lat="44.191296" lon="6.747892"><ele>1295.8</ele></trkpt>
      <trkpt lat="44.190919" lon="6.748254"><ele>1291.2</ele></trkpt>
      <trkpt lat="44.190466" lon="6.748551"><ele>1286.6</ele></trkpt>
      <trkpt lat="44.190096" lon="6.748839"><ele>1283.2</ele></trkpt>
      <trkpt lat="44.189733" lon="6.749033"><ele>1280</ele></trkpt>
      <trkpt lat="44.189242" lon="6.748972"><ele>1275.4</ele></trkpt>
      <trkpt lat="44.189204" lon="6.749152"><ele>1273.2</ele></trkpt>
      <trkpt lat="44.189199" lon="6.749292"><ele>1273.2</ele></trkpt>
      <trkpt lat="44.189209" lon="6.748686"><ele>1272.2</ele></trkpt>
      <trkpt lat="44.189376" lon="6.748472"><ele>1272</ele></trkpt>
      <trkpt lat="44.189089" lon="6.748883"><ele>1271.4</ele></trkpt>
      <trkpt lat="44.188617" lon="6.748689"><ele>1268.6</ele></trkpt>
      <trkpt lat="44.188214" lon="6.748543"><ele>1266.8</ele></trkpt>
      <trkpt lat="44.187793" lon="6.748263"><ele>1263.6</ele></trkpt>
      <trkpt lat="44.187462" lon="6.747926"><ele>1261</ele></trkpt>
      <trkpt lat="44.187008" lon="6.747761"><ele>1259.8</ele></trkpt>
      <trkpt lat="44.186577" lon="6.747995"><ele>1258.4</ele></trkpt>
      <trkpt lat="44.186178" lon="6.748182"><ele>1258.6</ele></trkpt>
      <trkpt lat="44.185681" lon="6.748402"><ele>1254.8</ele></trkpt>
      <trkpt lat="44.185317" lon="6.748558"><ele>1252.8</ele></trkpt>
      <trkpt lat="44.184842" lon="6.748772"><ele>1250.2</ele></trkpt>
      <trkpt lat="44.184443" lon="6.748937"><ele>1248</ele></trkpt>
      <trkpt lat="44.184033" lon="6.749039"><ele>1245.6</ele></trkpt>
      <trkpt lat="44.18351" lon="6.749024"><ele>1243</ele></trkpt>
      <trkpt lat="44.183089" lon="6.748877"><ele>1241</ele></trkpt>
      <trkpt lat="44.182706" lon="6.74861"><ele>1239.6</ele></trkpt>
      <trkpt lat="44.182326" lon="6.748328"><ele>1238.8</ele></trkpt>
      <trkpt lat="44.181836" lon="6.748088"><ele>1237.6</ele></trkpt>
      <trkpt lat="44.181487" lon="6.748289"><ele>1236.6</ele></trkpt>
      <trkpt lat="44.181047" lon="6.748588"><ele>1235</ele></trkpt>
      <trkpt lat="44.180598" lon="6.748817"><ele>1233.6</ele></trkpt>
      <trkpt lat="44.180154" lon="6.748954"><ele>1233</ele></trkpt>
      <trkpt lat="44.179774" lon="6.74892"><ele>1232</ele></trkpt>
      <trkpt lat="44.1793" lon="6.74888"><ele>1230.2</ele></trkpt>
      <trkpt lat="44.178827" lon="6.748925"><ele>1228.6</ele></trkpt>
      <trkpt lat="44.17835" lon="6.748958"><ele>1226.8</ele></trkpt>
      <trkpt lat="44.178033" lon="6.748689"><ele>1225.2</ele></trkpt>
      <trkpt lat="44.177731" lon="6.74824"><ele>1224.4</ele></trkpt>
      <trkpt lat="44.17727" lon="6.748349"><ele>1223.2</ele></trkpt>
      <trkpt lat="44.176825" lon="6.74846"><ele>1221.8</ele></trkpt>
      <trkpt lat="44.176428" lon="6.748803"><ele>1220</ele></trkpt>
      <trkpt lat="44.176074" lon="6.749069"><ele>1218.2</ele></trkpt>
      <trkpt lat="44.175608" lon="6.749238"><ele>1216.2</ele></trkpt>
      <trkpt lat="44.1752" lon="6.749451"><ele>1216.2</ele></trkpt>
      <trkpt lat="44.174737" lon="6.749532"><ele>1213.6</ele></trkpt>
      <trkpt lat="44.174413" lon="6.74989"><ele>1211</ele></trkpt>
      <trkpt lat="44.174029" lon="6.750127"><ele>1207.8</ele></trkpt>
      <trkpt lat="44.173509" lon="6.750261"><ele>1204.4</ele></trkpt>
      <trkpt lat="44.173065" lon="6.750006"><ele>1200.8</ele></trkpt>
      <trkpt lat="44.172702" lon="6.74988"><ele>1198.2</ele></trkpt>
      <trkpt lat="44.172239" lon="6.750014"><ele>1195.8</ele></trkpt>
      <trkpt lat="44.17182" lon="6.750298"><ele>1194.4</ele></trkpt>
      <trkpt lat="44.17149" lon="6.750736"><ele>1193</ele></trkpt>
      <trkpt lat="44.171073" lon="6.750964"><ele>1191</ele></trkpt>
      <trkpt lat="44.170652" lon="6.751204"><ele>1188.8</ele></trkpt>
      <trkpt lat="44.170223" lon="6.751383"><ele>1186.8</ele></trkpt>
      <trkpt lat="44.169772" lon="6.751506"><ele>1184</ele></trkpt>
      <trkpt lat="44.169311" lon="6.751474"><ele>1181.6</ele></trkpt>
      <trkpt lat="44.168969" lon="6.751513"><ele>1180.4</ele></trkpt>
      <trkpt lat="44.168504" lon="6.751545"><ele>1178.6</ele></trkpt>
      <trkpt lat="44.168068" lon="6.751729"><ele>1176.4</ele></trkpt>
      <trkpt lat="44.167645" lon="6.751859"><ele>1175</ele></trkpt>
      <trkpt lat="44.167194" lon="6.752245"><ele>1173.4</ele></trkpt>
      <trkpt lat="44.166802" lon="6.752539"><ele>1171.4</ele></trkpt>
      <trkpt lat="44.166397" lon="6.752794"><ele>1169.6</ele></trkpt>
      <trkpt lat="44.166019" lon="6.753121"><ele>1167.6</ele></trkpt>
      <trkpt lat="44.16558" lon="6.753261"><ele>1165.2</ele></trkpt>
      <trkpt lat="44.165146" lon="6.753378"><ele>1163.4</ele></trkpt>
      <trkpt lat="44.164707" lon="6.753537"><ele>1161.4</ele></trkpt>
      <trkpt lat="44.164268" lon="6.753663"><ele>1159.6</ele></trkpt>
      <trkpt lat="44.163853" lon="6.753871"><ele>1157.8</ele></trkpt>
      <trkpt lat="44.16346" lon="6.753838"><ele>1155.4</ele></trkpt>
      <trkpt lat="44.163079" lon="6.753361"><ele>1152.8</ele></trkpt>
      <trkpt lat="44.162711" lon="6.753719"><ele>1151.8</ele></trkpt>
      <trkpt lat="44.162762" lon="6.754309"><ele>1150.8</ele></trkpt>
      <trkpt lat="44.162823" lon="6.754938"><ele>1149</ele></trkpt>
      <trkpt lat="44.162558" lon="6.755439"><ele>1146.6</ele></trkpt>
      <trkpt lat="44.162201" lon="6.755614"><ele>1144.4</ele></trkpt>
      <trkpt lat="44.161751" lon="6.755792"><ele>1142.8</ele></trkpt>
      <trkpt lat="44.161322" lon="6.75614"><ele>1141</ele></trkpt>
      <trkpt lat="44.160983" lon="6.756397"><ele>1139.4</ele></trkpt>
      <trkpt lat="44.160593" lon="6.75677"><ele>1138</ele></trkpt>
      <trkpt lat="44.160292" lon="6.757334"><ele>1135.6</ele></trkpt>
      <trkpt lat="44.159908" lon="6.757433"><ele>1133</ele></trkpt>
      <trkpt lat="44.159399" lon="6.757441"><ele>1130.6</ele></trkpt>
      <trkpt lat="44.158994" lon="6.757379"><ele>1128</ele></trkpt>
      <trkpt lat="44.158571" lon="6.757241"><ele>1125</ele></trkpt>
      <trkpt lat="44.158109" lon="6.757174"><ele>1122</ele></trkpt>
      <trkpt lat="44.157637" lon="6.757122"><ele>1119</ele></trkpt>
      <trkpt lat="44.157277" lon="6.757069"><ele>1117.4</ele></trkpt>
      <trkpt lat="44.156812" lon="6.756986"><ele>1115.4</ele></trkpt>
      <trkpt lat="44.156347" lon="6.756903"><ele>1113.2</ele></trkpt>
      <trkpt lat="44.155887" lon="6.756918"><ele>1110.6</ele></trkpt>
      <trkpt lat="44.155462" lon="6.757061"><ele>1109</ele></trkpt>
      <trkpt lat="44.154956" lon="6.757022"><ele>1107</ele></trkpt>
      <trkpt lat="44.154587" lon="6.756815"><ele>1106</ele></trkpt>
      <trkpt lat="44.154114" lon="6.756617"><ele>1104.6</ele></trkpt>
      <trkpt lat="44.153737" lon="6.756437"><ele>1103.6</ele></trkpt>
      <trkpt lat="44.153262" lon="6.756358"><ele>1102.2</ele></trkpt>
      <trkpt lat="44.152774" lon="6.756341"><ele>1100.4</ele></trkpt>
      <trkpt lat="44.152372" lon="6.756359"><ele>1099</ele></trkpt>
      <trkpt lat="44.151886" lon="6.756487"><ele>1097.2</ele></trkpt>
      <trkpt lat="44.151503" lon="6.756534"><ele>1096</ele></trkpt>
      <trkpt lat="44.151046" lon="6.756678"><ele>1094.6</ele></trkpt>
      <trkpt lat="44.150625" lon="6.7565"><ele>1093</ele></trkpt>
      <trkpt lat="44.150205" lon="6.756359"><ele>1092.4</ele></trkpt>
      <trkpt lat="44.149678" lon="6.756458"><ele>1090.8</ele></trkpt>
      <trkpt lat="44.149259" lon="6.75666"><ele>1088.6</ele></trkpt>
      <trkpt lat="44.148844" lon="6.756892"><ele>1087.2</ele></trkpt>
      <trkpt lat="44.148417" lon="6.757117"><ele>1085.4</ele></trkpt>
      <trkpt lat="44.147974" lon="6.757259"><ele>1083</ele></trkpt>
      <trkpt lat="44.147553" lon="6.757303"><ele>1081.2</ele></trkpt>
      <trkpt lat="44.147119" lon="6.757208"><ele>1080.2</ele></trkpt>
      <trkpt lat="44.146713" lon="6.757339"><ele>1078</ele></trkpt>
      <trkpt lat="44.146226" lon="6.757523"><ele>1076.6</ele></trkpt>
      <trkpt lat="44.145802" lon="6.757685"><ele>1075.2</ele></trkpt>
      <trkpt lat="44.145395" lon="6.75794"><ele>1074</ele></trkpt>
      <trkpt lat="44.145064" lon="6.758411"><ele>1071.8</ele></trkpt>
      <trkpt lat="44.144826" lon="6.75883"><ele>1069.8</ele></trkpt>
      <trkpt lat="44.14448" lon="6.759335"><ele>1067.8</ele></trkpt>
      <trkpt lat="44.144186" lon="6.759714"><ele>1066</ele></trkpt>
      <trkpt lat="44.143782" lon="6.760119"><ele>1064.2</ele></trkpt>
      <trkpt lat="44.143399" lon="6.760535"><ele>1062.4</ele></trkpt>
      <trkpt lat="44.143149" lon="6.760946"><ele>1061.2</ele></trkpt>
      <trkpt lat="44.142727" lon="6.761219"><ele>1060.4</ele></trkpt>
      <trkpt lat="44.142346" lon="6.761535"><ele>1060.8</ele></trkpt>
      <trkpt lat="44.141945" lon="6.761862"><ele>1057</ele></trkpt>
      <trkpt lat="44.141648" lon="6.762342"><ele>1056.2</ele></trkpt>
      <trkpt lat="44.14148" lon="6.762414"><ele>1055.4</ele></trkpt>
      <trkpt lat="44.141789" lon="6.761981"><ele>1053.8</ele></trkpt>
      <trkpt lat="44.142156" lon="6.761562"><ele>1051.4</ele></trkpt>
      <trkpt lat="44.142435" lon="6.761112"><ele>1048.8</ele></trkpt>
      <trkpt lat="44.142351" lon="6.760518"><ele>1046.6</ele></trkpt>
      <trkpt lat="44.141873" lon="6.760497"><ele>1045.4</ele></trkpt>
      <trkpt lat="44.141569" lon="6.760921"><ele>1044</ele></trkpt>
      <trkpt lat="44.141218" lon="6.761156"><ele>1041.6</ele></trkpt>
      <trkpt lat="44.140756" lon="6.761423"><ele>1039</ele></trkpt>
      <trkpt lat="44.140448" lon="6.761815"><ele>1037.2</ele></trkpt>
      <trkpt lat="44.140352" lon="6.76239"><ele>1034.8</ele></trkpt>
      <trkpt lat="44.140366" lon="6.763102"><ele>1032</ele></trkpt>
      <trkpt lat="44.140022" lon="6.763409"><ele>1029.4</ele></trkpt>
      <trkpt lat="44.139556" lon="6.763746"><ele>1027</ele></trkpt>
      <trkpt lat="44.139236" lon="6.764085"><ele>1025.8</ele></trkpt>
      <trkpt lat="44.138899" lon="6.764422"><ele>1024.6</ele></trkpt>
      <trkpt lat="44.138466" lon="6.764774"><ele>1023.6</ele></trkpt>
      <trkpt lat="44.138048" lon="6.765098"><ele>1022.4</ele></trkpt>
      <trkpt lat="44.137741" lon="6.765424"><ele>1021.2</ele></trkpt>
      <trkpt lat="44.137361" lon="6.765813"><ele>1019.8</ele></trkpt>
      <trkpt lat="44.137007" lon="6.766256"><ele>1018.6</ele></trkpt>
      <trkpt lat="44.136747" lon="6.766813"><ele>1017</ele></trkpt>
      <trkpt lat="44.136555" lon="6.767282"><ele>1015.6</ele></trkpt>
      <trkpt lat="44.136295" lon="6.767828"><ele>1014</ele></trkpt>
      <trkpt lat="44.135906" lon="6.76816"><ele>1012.4</ele></trkpt>
      <trkpt lat="44.135501" lon="6.768412"><ele>1012.4</ele></trkpt>
      <trkpt lat="44.135183" lon="6.768764"><ele>1012.4</ele></trkpt>
      <trkpt lat="44.13478" lon="6.769114"><ele>1012.6</ele></trkpt>
      <trkpt lat="44.134348" lon="6.769299"><ele>1012</ele></trkpt>
      <trkpt lat="44.133919" lon="6.769459"><ele>1011.8</ele></trkpt>
      <trkpt lat="44.133536" lon="6.769847"><ele>1011.4</ele></trkpt>
      <trkpt lat="44.133293" lon="6.77034"><ele>1010.8</ele></trkpt>
      <trkpt lat="44.133038" lon="6.770859"><ele>1009.6</ele></trkpt>
      <trkpt lat="44.132801" lon="6.771332"><ele>1007.8</ele></trkpt>
      <trkpt lat="44.132578" lon="6.77196"><ele>1006.2</ele></trkpt>
      <trkpt lat="44.13237" lon="6.772491"><ele>1004.6</ele></trkpt>
      <trkpt lat="44.132096" lon="6.773001"><ele>1003</ele></trkpt>
      <trkpt lat="44.131823" lon="6.773518"><ele>1000.8</ele></trkpt>
      <trkpt lat="44.131432" lon="6.773906"><ele>999</ele></trkpt>
      <trkpt lat="44.131067" lon="6.774009"><ele>997.6</ele></trkpt>
      <trkpt lat="44.130602" lon="6.773947"><ele>995.8</ele></trkpt>
      <trkpt lat="44.130134" lon="6.773878"><ele>994.2</ele></trkpt>
      <trkpt lat="44.129669" lon="6.774029"><ele>992.4</ele></trkpt>
      <trkpt lat="44.129467" lon="6.774467"><ele>990.8</ele></trkpt>
      <trkpt lat="44.129393" lon="6.7751"><ele>989.4</ele></trkpt>
      <trkpt lat="44.129072" lon="6.775539"><ele>988.4</ele></trkpt>
      <trkpt lat="44.128778" lon="6.775993"><ele>987.6</ele></trkpt>
      <trkpt lat="44.128473" lon="6.77658"><ele>986</ele></trkpt>
      <trkpt lat="44.128187" lon="6.777049"><ele>984.8</ele></trkpt>
      <trkpt lat="44.127832" lon="6.777433"><ele>983.8</ele></trkpt>
      <trkpt lat="44.127574" lon="6.777941"><ele>982.8</ele></trkpt>
      <trkpt lat="44.127338" lon="6.778481"><ele>981.6</ele></trkpt>
      <trkpt lat="44.127253" lon="6.779085"><ele>980.4</ele></trkpt>
      <trkpt lat="44.127187" lon="6.779692"><ele>979.8</ele></trkpt>
      <trkpt lat="44.127114" lon="6.780296"><ele>979</ele></trkpt>
      <trkpt lat="44.12686" lon="6.780818"><ele>977.2</ele></trkpt>
      <trkpt lat="44.126718" lon="6.781426"><ele>974.8</ele></trkpt>
      <trkpt lat="44.126766" lon="6.781955"><ele>972.8</ele></trkpt>
      <trkpt lat="44.126357" lon="6.782269"><ele>970.2</ele></trkpt>
      <trkpt lat="44.125996" lon="6.782526"><ele>968.8</ele></trkpt>
      <trkpt lat="44.125745" lon="6.783097"><ele>967.2</ele></trkpt>
      <trkpt lat="44.125346" lon="6.78345"><ele>966.2</ele></trkpt>
      <trkpt lat="44.125131" lon="6.784014"><ele>965.6</ele></trkpt>
      <trkpt lat="44.124809" lon="6.784444"><ele>964.2</ele></trkpt>
      <trkpt lat="44.124375" lon="6.784602"><ele>962.4</ele></trkpt>
      <trkpt lat="44.124112" lon="6.784971"><ele>961.2</ele></trkpt>
      <trkpt lat="44.123826" lon="6.785454"><ele>959.8</ele></trkpt>
      <trkpt lat="44.123791" lon="6.786156"><ele>959</ele></trkpt>
      <trkpt lat="44.123714" lon="6.786712"><ele>958.4</ele></trkpt>
      <trkpt lat="44.123524" lon="6.787257"><ele>959</ele></trkpt>
      <trkpt lat="44.123057" lon="6.787467"><ele>959.2</ele></trkpt>
      <trkpt lat="44.1228" lon="6.78788"><ele>959</ele></trkpt>
      <trkpt lat="44.12279" lon="6.788512"><ele>959</ele></trkpt>
      <trkpt lat="44.122991" lon="6.789093"><ele>958.6</ele></trkpt>
      <trkpt lat="44.12287" lon="6.789715"><ele>958.4</ele></trkpt>
      <trkpt lat="44.122642" lon="6.790291"><ele>958</ele></trkpt>
      <trkpt lat="44.122575" lon="6.790833"><ele>957.8</ele></trkpt>
      <trkpt lat="44.122384" lon="6.791373"><ele>957.4</ele></trkpt>
      <trkpt lat="44.12212" lon="6.791936"><ele>956.4</ele></trkpt>
      <trkpt lat="44.122108" lon="6.792574"><ele>955.6</ele></trkpt>
      <trkpt lat="44.121806" lon="6.793018"><ele>955</ele></trkpt>
      <trkpt lat="44.121477" lon="6.793446"><ele>954.4</ele></trkpt>
      <trkpt lat="44.121187" lon="6.793912"><ele>953.6</ele></trkpt>
      <trkpt lat="44.120879" lon="6.794431"><ele>953.6</ele></trkpt>
      <trkpt lat="44.120596" lon="6.794882"><ele>953.6</ele></trkpt>
      <trkpt lat="44.12028" lon="6.795276"><ele>953.2</ele></trkpt>
      <trkpt lat="44.11998" lon="6.795855"><ele>952.4</ele></trkpt>
      <trkpt lat="44.11969" lon="6.796253"><ele>951.2</ele></trkpt>
      <trkpt lat="44.119341" lon="6.796692"><ele>948.8</ele></trkpt>
      <trkpt lat="44.119009" lon="6.797084"><ele>947</ele></trkpt>
      <trkpt lat="44.118689" lon="6.797474"><ele>945.6</ele></trkpt>
      <trkpt lat="44.118411" lon="6.798024"><ele>945</ele></trkpt>
      <trkpt lat="44.118249" lon="6.798561"><ele>943</ele></trkpt>
      <trkpt lat="44.118143" lon="6.799211"><ele>939.6</ele></trkpt>
      <trkpt lat="44.11809" lon="6.79978"><ele>936.6</ele></trkpt>
      <trkpt lat="44.1182" lon="6.800475"><ele>933.2</ele></trkpt>
      <trkpt lat="44.11825" lon="6.801036"><ele>931.2</ele></trkpt>
      <trkpt lat="44.118014" lon="6.801519"><ele>929.2</ele></trkpt>
      <trkpt lat="44.117789" lon="6.802205"><ele>925.4</ele></trkpt>
      <trkpt lat="44.118016" lon="6.802684"><ele>923.2</ele></trkpt>
      <trkpt lat="44.118447" lon="6.802955"><ele>920.2</ele></trkpt>
      <trkpt lat="44.118604" lon="6.80355"><ele>916.8</ele></trkpt>
      <trkpt lat="44.118397" lon="6.803931"><ele>915</ele></trkpt>
      <trkpt lat="44.117954" lon="6.804068"><ele>914.2</ele></trkpt>
      <trkpt lat="44.117463" lon="6.80434"><ele>914</ele></trkpt>
      <trkpt lat="44.117152" lon="6.804677"><ele>913.6</ele></trkpt>
      <trkpt lat="44.116859" lon="6.805212"><ele>912.6</ele></trkpt>
      <trkpt lat="44.116555" lon="6.80569"><ele>912</ele></trkpt>
      <trkpt lat="44.116318" lon="6.806201"><ele>911.2</ele></trkpt>
      <trkpt lat="44.116121" lon="6.806734"><ele>910.4</ele></trkpt>
      <trkpt lat="44.115917" lon="6.807247"><ele>910.4</ele></trkpt>
      <trkpt lat="44.115787" lon="6.807935"><ele>909.4</ele></trkpt>
      <trkpt lat="44.115611" lon="6.808486"><ele>908.2</ele></trkpt>
      <trkpt lat="44.115311" lon="6.808937"><ele>907.4</ele></trkpt>
      <trkpt lat="44.115111" lon="6.809489"><ele>905.8</ele></trkpt>
      <trkpt lat="44.115061" lon="6.810134"><ele>904</ele></trkpt>
      <trkpt lat="44.115003" lon="6.81079"><ele>902</ele></trkpt>
      <trkpt lat="44.114923" lon="6.811311"><ele>900.4</ele></trkpt>
      <trkpt lat="44.114778" lon="6.81195"><ele>898</ele></trkpt>
      <trkpt lat="44.114658" lon="6.812494"><ele>895.4</ele></trkpt>
      <trkpt lat="44.114508" lon="6.813085"><ele>892</ele></trkpt>
      <trkpt lat="44.114341" lon="6.813713"><ele>888.2</ele></trkpt>
      <trkpt lat="44.114155" lon="6.81433"><ele>885</ele></trkpt>
      <trkpt lat="44.113984" lon="6.814881"><ele>884.2</ele></trkpt>
      <trkpt lat="44.113856" lon="6.815422"><ele>884</ele></trkpt>
      <trkpt lat="44.113719" lon="6.816027"><ele>883.8</ele></trkpt>
      <trkpt lat="44.11351" lon="6.816645"><ele>883.8</ele></trkpt>
      <trkpt lat="44.113234" lon="6.817136"><ele>884.4</ele></trkpt>
      <trkpt lat="44.112957" lon="6.81759"><ele>884.4</ele></trkpt>
      <trkpt lat="44.112616" lon="6.818059"><ele>885</ele></trkpt>
      <trkpt lat="44.112296" lon="6.818425"><ele>884.4</ele></trkpt>
      <trkpt lat="44.111964" lon="6.81889"><ele>883.8</ele></trkpt>
      <trkpt lat="44.111908" lon="6.81952"><ele>882.6</ele></trkpt>
      <trkpt lat="44.111976" lon="6.820078"><ele>882.6</ele></trkpt>
      <trkpt lat="44.111628" lon="6.820377"><ele>886.8</ele></trkpt>
      <trkpt lat="44.111189" lon="6.820538"><ele>889.6</ele></trkpt>
      <trkpt lat="44.110825" lon="6.820931"><ele>891.6</ele></trkpt>
      <trkpt lat="44.110539" lon="6.821396"><ele>893.8</ele></trkpt>
      <trkpt lat="44.110378" lon="6.821969"><ele>894.6</ele></trkpt>
      <trkpt lat="44.11017" lon="6.822543"><ele>894.8</ele></trkpt>
      <trkpt lat="44.109798" lon="6.822827"><ele>894.6</ele></trkpt>
      <trkpt lat="44.109452" lon="6.823259"><ele>894.6</ele></trkpt>
      <trkpt lat="44.109201" lon="6.823803"><ele>893.8</ele></trkpt>
      <trkpt lat="44.109109" lon="6.824372"><ele>893</ele></trkpt>
      <trkpt lat="44.1091" lon="6.825026"><ele>893.2</ele></trkpt>
      <trkpt lat="44.109083" lon="6.825661"><ele>892.8</ele></trkpt>
      <trkpt lat="44.109189" lon="6.826259"><ele>894</ele></trkpt>
      <trkpt lat="44.109182" lon="6.826816"><ele>894.6</ele></trkpt>
      <trkpt lat="44.108967" lon="6.827382"><ele>893.4</ele></trkpt>
      <trkpt lat="44.10883" lon="6.827988"><ele>892.6</ele></trkpt>
      <trkpt lat="44.10879" lon="6.828631"><ele>892.2</ele></trkpt>
      <trkpt lat="44.108773" lon="6.829264"><ele>890.4</ele></trkpt>
      <trkpt lat="44.108901" lon="6.82987"><ele>890.4</ele></trkpt>
      <trkpt lat="44.108869" lon="6.830487"><ele>890.4</ele></trkpt>
      <trkpt lat="44.108805" lon="6.831052"><ele>888.8</ele></trkpt>
      <trkpt lat="44.108847" lon="6.831694"><ele>887.6</ele></trkpt>
      <trkpt lat="44.108913" lon="6.83233"><ele>888.4</ele></trkpt>
      <trkpt lat="44.109012" lon="6.832891"><ele>888.2</ele></trkpt>
      <trkpt lat="44.109273" lon="6.833487"><ele>886.6</ele></trkpt>
      <trkpt lat="44.109652" lon="6.833845"><ele>884.8</ele></trkpt>
      <trkpt lat="44.110025" lon="6.834049"><ele>883.4</ele></trkpt>
      <trkpt lat="44.110523" lon="6.834133"><ele>881.4</ele></trkpt>
      <trkpt lat="44.110962" lon="6.834277"><ele>880.2</ele></trkpt>
      <trkpt lat="44.111364" lon="6.834609"><ele>879</ele></trkpt>
      <trkpt lat="44.111686" lon="6.834905"><ele>877.4</ele></trkpt>
      <trkpt lat="44.112047" lon="6.835331"><ele>875.4</ele></trkpt>
      <trkpt lat="44.112206" lon="6.835937"><ele>875.8</ele></trkpt>
      <trkpt lat="44.112158" lon="6.836481"><ele>876</ele></trkpt>
      <trkpt lat="44.111762" lon="6.836826"><ele>875.2</ele></trkpt>
      <trkpt lat="44.111323" lon="6.836937"><ele>874.8</ele></trkpt>
      <trkpt lat="44.110879" lon="6.836943"><ele>875.2</ele></trkpt>
      <trkpt lat="44.110459" lon="6.837055"><ele>874.6</ele></trkpt>
      <trkpt lat="44.110007" lon="6.837283"><ele>874</ele></trkpt>
      <trkpt lat="44.109639" lon="6.837535"><ele>874.8</ele></trkpt>
      <trkpt lat="44.109183" lon="6.837765"><ele>874.6</ele></trkpt>
      <trkpt lat="44.108733" lon="6.837953"><ele>874.2</ele></trkpt>
      <trkpt lat="44.108351" lon="6.838274"><ele>872.8</ele></trkpt>
      <trkpt lat="44.108061" lon="6.838729"><ele>871.4</ele></trkpt>
      <trkpt lat="44.107913" lon="6.839238"><ele>872.4</ele></trkpt>
      <trkpt lat="44.107842" lon="6.839851"><ele>872.6</ele></trkpt>
      <trkpt lat="44.107643" lon="6.840409"><ele>871.2</ele></trkpt>
      <trkpt lat="44.107421" lon="6.84094"><ele>871.4</ele></trkpt>
      <trkpt lat="44.107188" lon="6.841505"><ele>871</ele></trkpt>
      <trkpt lat="44.107125" lon="6.842102"><ele>869.4</ele></trkpt>
      <trkpt lat="44.106915" lon="6.842685"><ele>868.2</ele></trkpt>
      <trkpt lat="44.106723" lon="6.843203"><ele>867.4</ele></trkpt>
      <trkpt lat="44.106676" lon="6.843804"><ele>866.4</ele></trkpt>
      <trkpt lat="44.10653" lon="6.844352"><ele>866</ele></trkpt>
      <trkpt lat="44.106396" lon="6.844932"><ele>865.8</ele></trkpt>
      <trkpt lat="44.106205" lon="6.845541"><ele>865.6</ele></trkpt>
      <trkpt lat="44.106008" lon="6.846016"><ele>865.6</ele></trkpt>
      <trkpt lat="44.105665" lon="6.846418"><ele>865.4</ele></trkpt>
      <trkpt lat="44.105305" lon="6.846874"><ele>863.8</ele></trkpt>
      <trkpt lat="44.104996" lon="6.847373"><ele>861.2</ele></trkpt>
      <trkpt lat="44.104652" lon="6.847812"><ele>857.8</ele></trkpt>
      <trkpt lat="44.104384" lon="6.848219"><ele>854.8</ele></trkpt>
      <trkpt lat="44.104076" lon="6.848631"><ele>851.8</ele></trkpt>
      <trkpt lat="44.10398" lon="6.849218"><ele>849.2</ele></trkpt>
      <trkpt lat="44.103567" lon="6.849397"><ele>847.4</ele></trkpt>
      <trkpt lat="44.103111" lon="6.849326"><ele>845.8</ele></trkpt>
      <trkpt lat="44.102627" lon="6.849252"><ele>843.8</ele></trkpt>
      <trkpt lat="44.102246" lon="6.84918"><ele>842.4</ele></trkpt>
      <trkpt lat="44.101755" lon="6.84898"><ele>841.8</ele></trkpt>
      <trkpt lat="44.101357" lon="6.848781"><ele>840.2</ele></trkpt>
      <trkpt lat="44.10091" lon="6.848451"><ele>837.2</ele></trkpt>
      <trkpt lat="44.100541" lon="6.848497"><ele>836.2</ele></trkpt>
      <trkpt lat="44.100139" lon="6.848824"><ele>835</ele></trkpt>
      <trkpt lat="44.099682" lon="6.848899"><ele>831</ele></trkpt>
      <trkpt lat="44.099208" lon="6.849006"><ele>829.4</ele></trkpt>
      <trkpt lat="44.09877" lon="6.8492"><ele>827.6</ele></trkpt>
      <trkpt lat="44.098344" lon="6.849214"><ele>826.8</ele></trkpt>
      <trkpt lat="44.097904" lon="6.849436"><ele>825.6</ele></trkpt>
      <trkpt lat="44.097532" lon="6.849611"><ele>825</ele></trkpt>
      <trkpt lat="44.097066" lon="6.849903"><ele>822.8</ele></trkpt>
      <trkpt lat="44.096726" lon="6.85026"><ele>820.8</ele></trkpt>
      <trkpt lat="44.096429" lon="6.850712"><ele>819.2</ele></trkpt>
      <trkpt lat="44.096034" lon="6.851166"><ele>816.8</ele></trkpt>
      <trkpt lat="44.095667" lon="6.851468"><ele>815</ele></trkpt>
      <trkpt lat="44.095229" lon="6.851576"><ele>814.2</ele></trkpt>
      <trkpt lat="44.094859" lon="6.85195"><ele>813.6</ele></trkpt>
      <trkpt lat="44.09449" lon="6.852145"><ele>813.4</ele></trkpt>
      <trkpt lat="44.09407" lon="6.85237"><ele>811.2</ele></trkpt>
      <trkpt lat="44.093616" lon="6.85241"><ele>808.4</ele></trkpt>
      <trkpt lat="44.093165" lon="6.852476"><ele>806.2</ele></trkpt>
      <trkpt lat="44.092762" lon="6.852264"><ele>803.6</ele></trkpt>
      <trkpt lat="44.092322" lon="6.852259"><ele>801.2</ele></trkpt>
      <trkpt lat="44.091882" lon="6.852463"><ele>798.4</ele></trkpt>
      <trkpt lat="44.091465" lon="6.852667"><ele>797.2</ele></trkpt>
      <trkpt lat="44.091059" lon="6.852871"><ele>796.8</ele></trkpt>
      <trkpt lat="44.090608" lon="6.853101"><ele>795.8</ele></trkpt>
      <trkpt lat="44.090193" lon="6.853315"><ele>795.4</ele></trkpt>
      <trkpt lat="44.089749" lon="6.853394"><ele>796</ele></trkpt>
      <trkpt lat="44.089299" lon="6.853538"><ele>797</ele></trkpt>
      <trkpt lat="44.088986" lon="6.853659"><ele>797.6</ele></trkpt>
      <trkpt lat="44.089063" lon="6.85421"><ele>800.4</ele></trkpt>
      <trkpt lat="44.089309" lon="6.854731"><ele>802.4</ele></trkpt>
      <trkpt lat="44.089559" lon="6.855263"><ele>804.8</ele></trkpt>
      <trkpt lat="44.089807" lon="6.855792"><ele>807.4</ele></trkpt>
      <trkpt lat="44.090039" lon="6.856329"><ele>809.6</ele></trkpt>
      <trkpt lat="44.090451" lon="6.856716"><ele>814</ele></trkpt>
      <trkpt lat="44.090727" lon="6.857164"><ele>816</ele></trkpt>
      <trkpt lat="44.090825" lon="6.85779"><ele>819</ele></trkpt>
      <trkpt lat="44.091099" lon="6.858299"><ele>822.4</ele></trkpt>
      <trkpt lat="44.091331" lon="6.858754"><ele>825</ele></trkpt>
      <trkpt lat="44.091396" lon="6.859369"><ele>828</ele></trkpt>
      <trkpt lat="44.091392" lon="6.86"><ele>831</ele></trkpt>
      <trkpt lat="44.091263" lon="6.860607"><ele>835</ele></trkpt>
      <trkpt lat="44.091315" lon="6.861197"><ele>838</ele></trkpt>
      <trkpt lat="44.091211" lon="6.861776"><ele>841.6</ele></trkpt>
      <trkpt lat="44.091199" lon="6.862401"><ele>845.2</ele></trkpt>
      <trkpt lat="44.091226" lon="6.863038"><ele>848</ele></trkpt>
      <trkpt lat="44.09119" lon="6.863649"><ele>851.2</ele></trkpt>
      <trkpt lat="44.091363" lon="6.864185"><ele>853.6</ele></trkpt>
      <trkpt lat="44.091764" lon="6.864462"><ele>857</ele></trkpt>
      <trkpt lat="44.092125" lon="6.864818"><ele>858.8</ele></trkpt>
      <trkpt lat="44.092471" lon="6.865224"><ele>861.2</ele></trkpt>
      <trkpt lat="44.092838" lon="6.865606"><ele>863</ele></trkpt>
      <trkpt lat="44.093274" lon="6.865744"><ele>864.6</ele></trkpt>
      <trkpt lat="44.093477" lon="6.866229"><ele>865.4</ele></trkpt>
      <trkpt lat="44.093417" lon="6.866856"><ele>868.8</ele></trkpt>
      <trkpt lat="44.093442" lon="6.867451"><ele>873.4</ele></trkpt>
      <trkpt lat="44.093602" lon="6.868051"><ele>878.4</ele></trkpt>
      <trkpt lat="44.093752" lon="6.868641"><ele>882.6</ele></trkpt>
      <trkpt lat="44.093841" lon="6.86925"><ele>886</ele></trkpt>
      <trkpt lat="44.093931" lon="6.869846"><ele>889</ele></trkpt>
      <trkpt lat="44.093969" lon="6.870467"><ele>893</ele></trkpt>
      <trkpt lat="44.093963" lon="6.871086"><ele>897</ele></trkpt>
      <trkpt lat="44.093824" lon="6.87165"><ele>902</ele></trkpt>
      <trkpt lat="44.093718" lon="6.872254"><ele>904.8</ele></trkpt>
      <trkpt lat="44.093729" lon="6.872869"><ele>904.8</ele></trkpt>
      <trkpt lat="44.093777" lon="6.873432"><ele>904.6</ele></trkpt>
      <trkpt lat="44.093921" lon="6.874055"><ele>906.6</ele></trkpt>
      <trkpt lat="44.094183" lon="6.874584"><ele>911</ele></trkpt>
      <trkpt lat="44.094324" lon="6.875127"><ele>914</ele></trkpt>
      <trkpt lat="44.094505" lon="6.875712"><ele>917.8</ele></trkpt>
      <trkpt lat="44.094935" lon="6.87589"><ele>920.2</ele></trkpt>
      <trkpt lat="44.095356" lon="6.876126"><ele>921.8</ele></trkpt>
      <trkpt lat="44.095671" lon="6.876556"><ele>923.2</ele></trkpt>
      <trkpt lat="44.095834" lon="6.877116"><ele>924.4</ele></trkpt>
      <trkpt lat="44.095983" lon="6.877721"><ele>926.4</ele></trkpt>
      <trkpt lat="44.096152" lon="6.878304"><ele>928.8</ele></trkpt>
      <trkpt lat="44.096339" lon="6.878857"><ele>930.8</ele></trkpt>
      <trkpt lat="44.096556" lon="6.879395"><ele>933.8</ele></trkpt>
      <trkpt lat="44.096754" lon="6.879942"><ele>937.8</ele></trkpt>
      <trkpt lat="44.09694" lon="6.880488"><ele>941.8</ele></trkpt>
      <trkpt lat="44.097129" lon="6.881066"><ele>945.4</ele></trkpt>
      <trkpt lat="44.097195" lon="6.881665"><ele>948.8</ele></trkpt>
      <trkpt lat="44.097287" lon="6.882281"><ele>952.2</ele></trkpt>
      <trkpt lat="44.097334" lon="6.88286"><ele>956.2</ele></trkpt>
      <trkpt lat="44.097394" lon="6.883448"><ele>959.4</ele></trkpt>
      <trkpt lat="44.097699" lon="6.883909"><ele>962.8</ele></trkpt>
      <trkpt lat="44.097935" lon="6.884451"><ele>966.4</ele></trkpt>
      <trkpt lat="44.098121" lon="6.884993"><ele>970</ele></trkpt>
      <trkpt lat="44.098312" lon="6.885582"><ele>973.4</ele></trkpt>
      <trkpt lat="44.098481" lon="6.886135"><ele>977.2</ele></trkpt>
      <trkpt lat="44.098562" lon="6.886726"><ele>980.6</ele></trkpt>
      <trkpt lat="44.098844" lon="6.887202"><ele>983.6</ele></trkpt>
      <trkpt lat="44.099262" lon="6.88704"><ele>985.6</ele></trkpt>
      <trkpt lat="44.099718" lon="6.887043"><ele>988</ele></trkpt>
      <trkpt lat="44.100155" lon="6.887102"><ele>990.2</ele></trkpt>
      <trkpt lat="44.100604" lon="6.887207"><ele>992.8</ele></trkpt>
      <trkpt lat="44.100978" lon="6.887554"><ele>995.8</ele></trkpt>
      <trkpt lat="44.101292" lon="6.887997"><ele>998.6</ele></trkpt>
      <trkpt lat="44.101598" lon="6.888461"><ele>1001.6</ele></trkpt>
      <trkpt lat="44.10191" lon="6.88889"><ele>1005</ele></trkpt>
      <trkpt lat="44.102236" lon="6.889357"><ele>1008.6</ele></trkpt>
      <trkpt lat="44.102569" lon="6.889771"><ele>1011.8</ele></trkpt>
      <trkpt lat="44.10287" lon="6.890229"><ele>1014.8</ele></trkpt>
      <trkpt lat="44.103159" lon="6.890669"><ele>1017.8</ele></trkpt>
      <trkpt lat="44.103554" lon="6.89094"><ele>1021</ele></trkpt>
      <trkpt lat="44.103931" lon="6.891285"><ele>1024.8</ele></trkpt>
      <trkpt lat="44.104293" lon="6.891671"><ele>1028.2</ele></trkpt>
      <trkpt lat="44.104557" lon="6.892182"><ele>1031.4</ele></trkpt>
      <trkpt lat="44.104647" lon="6.892778"><ele>1034.6</ele></trkpt>
      <trkpt lat="44.10498" lon="6.893083"><ele>1036.8</ele></trkpt>
      <trkpt lat="44.105182" lon="6.89359"><ele>1036.8</ele></trkpt>
      <trkpt lat="44.105311" lon="6.894177"><ele>1037.4</ele></trkpt>
      <trkpt lat="44.105459" lon="6.894762"><ele>1038.2</ele></trkpt>
      <trkpt lat="44.105717" lon="6.895247"><ele>1039.8</ele></trkpt>
      <trkpt lat="44.105983" lon="6.895748"><ele>1042</ele></trkpt>
      <trkpt lat="44.106002" lon="6.896388"><ele>1044.8</ele></trkpt>
      <trkpt lat="44.106056" lon="6.896971"><ele>1047</ele></trkpt>
      <trkpt lat="44.106084" lon="6.897606"><ele>1049.8</ele></trkpt>
      <trkpt lat="44.106126" lon="6.898243"><ele>1052.8</ele></trkpt>
      <trkpt lat="44.106253" lon="6.898817"><ele>1055.6</ele></trkpt>
      <trkpt lat="44.106355" lon="6.899428"><ele>1059.4</ele></trkpt>
      <trkpt lat="44.106611" lon="6.899963"><ele>1063.6</ele></trkpt>
      <trkpt lat="44.106836" lon="6.900505"><ele>1067.8</ele></trkpt>
      <trkpt lat="44.107016" lon="6.901072"><ele>1071.6</ele></trkpt>
      <trkpt lat="44.107283" lon="6.90157"><ele>1074.8</ele></trkpt>
      <trkpt lat="44.107523" lon="6.902082"><ele>1078.8</ele></trkpt>
      <trkpt lat="44.107828" lon="6.902541"><ele>1083.2</ele></trkpt>
      <trkpt lat="44.108177" lon="6.9029"><ele>1087.6</ele></trkpt>
      <trkpt lat="44.108526" lon="6.903309"><ele>1092.6</ele></trkpt>
      <trkpt lat="44.108822" lon="6.903759"><ele>1097</ele></trkpt>
      <trkpt lat="44.109185" lon="6.904146"><ele>1101.4</ele></trkpt>
      <trkpt lat="44.109528" lon="6.90451"><ele>1106.2</ele></trkpt>
      <trkpt lat="44.109952" lon="6.904263"><ele>1110.4</ele></trkpt>
      <trkpt lat="44.110394" lon="6.904198"><ele>1114.6</ele></trkpt>
      <trkpt lat="44.110825" lon="6.904229"><ele>1118.4</ele></trkpt>
      <trkpt lat="44.111288" lon="6.904324"><ele>1122.6</ele></trkpt>
      <trkpt lat="44.111717" lon="6.904423"><ele>1127</ele></trkpt>
      <trkpt lat="44.112129" lon="6.904713"><ele>1130.8</ele></trkpt>
      <trkpt lat="44.112529" lon="6.904989"><ele>1134.6</ele></trkpt>
      <trkpt lat="44.1129" lon="6.905303"><ele>1137.8</ele></trkpt>
      <trkpt lat="44.113307" lon="6.90555"><ele>1141.4</ele></trkpt>
      <trkpt lat="44.113762" lon="6.905648"><ele>1144.8</ele></trkpt>
      <trkpt lat="44.114191" lon="6.905754"><ele>1147.8</ele></trkpt>
      <trkpt lat="44.114655" lon="6.90574"><ele>1151.8</ele></trkpt>
      <trkpt lat="44.115096" lon="6.905741"><ele>1155.6</ele></trkpt>
      <trkpt lat="44.115551" lon="6.905701"><ele>1160.2</ele></trkpt>
      <trkpt lat="44.115805" lon="6.906196"><ele>1164.2</ele></trkpt>
      <trkpt lat="44.116073" lon="6.906657"><ele>1168.6</ele></trkpt>
      <trkpt lat="44.116513" lon="6.906875"><ele>1173.2</ele></trkpt>
      <trkpt lat="44.116755" lon="6.907092"><ele>1174.8</ele></trkpt>
      <trkpt lat="44.117103" lon="6.907478"><ele>1175.6</ele></trkpt>
      <trkpt lat="44.117439" lon="6.907861"><ele>1178.2</ele></trkpt>
      <trkpt lat="44.117499" lon="6.908518"><ele>1179.8</ele></trkpt>
      <trkpt lat="44.1174" lon="6.909156"><ele>1181.6</ele></trkpt>
      <trkpt lat="44.117233" lon="6.909735"><ele>1183.6</ele></trkpt>
      <trkpt lat="44.116982" lon="6.910249"><ele>1186.4</ele></trkpt>
      <trkpt lat="44.117044" lon="6.910824"><ele>1188.6</ele></trkpt>
      <trkpt lat="44.117236" lon="6.911344"><ele>1191</ele></trkpt>
      <trkpt lat="44.117118" lon="6.911948"><ele>1195</ele></trkpt>
      <trkpt lat="44.117036" lon="6.912565"><ele>1198.2</ele></trkpt>
      <trkpt lat="44.116996" lon="6.913195"><ele>1201.6</ele></trkpt>
      <trkpt lat="44.116989" lon="6.913823"><ele>1205.4</ele></trkpt>
      <trkpt lat="44.117027" lon="6.914415"><ele>1208.2</ele></trkpt>
      <trkpt lat="44.116928" lon="6.915021"><ele>1211.4</ele></trkpt>
      <trkpt lat="44.116629" lon="6.915506"><ele>1215.6</ele></trkpt>
      <trkpt lat="44.116342" lon="6.915958"><ele>1219</ele></trkpt>
      <trkpt lat="44.115992" lon="6.916358"><ele>1222.6</ele></trkpt>
      <trkpt lat="44.115704" lon="6.916805"><ele>1225.8</ele></trkpt>
      <trkpt lat="44.115679" lon="6.917433"><ele>1229.8</ele></trkpt>
      <trkpt lat="44.115588" lon="6.918011"><ele>1233.4</ele></trkpt>
      <trkpt lat="44.115355" lon="6.918539"><ele>1237.2</ele></trkpt>
      <trkpt lat="44.115276" lon="6.919166"><ele>1241</ele></trkpt>
      <trkpt lat="44.11522" lon="6.919776"><ele>1244.6</ele></trkpt>
      <trkpt lat="44.115146" lon="6.920406"><ele>1248.2</ele></trkpt>
      <trkpt lat="44.115081" lon="6.920998"><ele>1251.4</ele></trkpt>
      <trkpt lat="44.115004" lon="6.921618"><ele>1255.4</ele></trkpt>
      <trkpt lat="44.114913" lon="6.922224"><ele>1259.2</ele></trkpt>
      <trkpt lat="44.114511" lon="6.922376"><ele>1262.8</ele></trkpt>
      <trkpt lat="44.114359" lon="6.921849"><ele>1264.2</ele></trkpt>
      <trkpt lat="44.114298" lon="6.921215"><ele>1267.4</ele></trkpt>
      <trkpt lat="44.114225" lon="6.920595"><ele>1271</ele></trkpt>
      <trkpt lat="44.114053" lon="6.920028"><ele>1274.2</ele></trkpt>
      <trkpt lat="44.11395" lon="6.919435"><ele>1277.6</ele></trkpt>
      <trkpt lat="44.113831" lon="6.918822"><ele>1280.8</ele></trkpt>
      <trkpt lat="44.113799" lon="6.91822"><ele>1284.4</ele></trkpt>
      <trkpt lat="44.114076" lon="6.917817"><ele>1288.4</ele></trkpt>
      <trkpt lat="44.11421" lon="6.917331"><ele>1291.6</ele></trkpt>
      <trkpt lat="44.11409" lon="6.917238"><ele>1294.4</ele></trkpt>
      <trkpt lat="44.113909" lon="6.91758"><ele>1297.4</ele></trkpt>
      <trkpt lat="44.113611" lon="6.917967"><ele>1301.2</ele></trkpt>
      <trkpt lat="44.113512" lon="6.918552"><ele>1304.6</ele></trkpt>
      <trkpt lat="44.11353" lon="6.91916"><ele>1307.6</ele></trkpt>
      <trkpt lat="44.11354" lon="6.919766"><ele>1311</ele></trkpt>
      <trkpt lat="44.113623" lon="6.920383"><ele>1314.6</ele></trkpt>
      <trkpt lat="44.11361" lon="6.920989"><ele>1317.6</ele></trkpt>
      <trkpt lat="44.113485" lon="6.921151"><ele>1321</ele></trkpt>
      <trkpt lat="44.11351" lon="6.920532"><ele>1324.6</ele></trkpt>
      <trkpt lat="44.11335" lon="6.919951"><ele>1327.6</ele></trkpt>
      <trkpt lat="44.113308" lon="6.919314"><ele>1331</ele></trkpt>
      <trkpt lat="44.113053" lon="6.918788"><ele>1333.4</ele></trkpt>
      <trkpt lat="44.11319" lon="6.91818"><ele>1337</ele></trkpt>
      <trkpt lat="44.113158" lon="6.917574"><ele>1340</ele></trkpt>
      <trkpt lat="44.113304" lon="6.917039"><ele>1343.2</ele></trkpt>
      <trkpt lat="44.113514" lon="6.916524"><ele>1346.6</ele></trkpt>
      <trkpt lat="44.113645" lon="6.915905"><ele>1349.8</ele></trkpt>
      <trkpt lat="44.113858" lon="6.915403"><ele>1352.4</ele></trkpt>
      <trkpt lat="44.113597" lon="6.915766"><ele>1354.4</ele></trkpt>
      <trkpt lat="44.113386" lon="6.916335"><ele>1357.6</ele></trkpt>
      <trkpt lat="44.113122" lon="6.916776"><ele>1360.4</ele></trkpt>
      <trkpt lat="44.112913" lon="6.917247"><ele>1364</ele></trkpt>
      <trkpt lat="44.112893" lon="6.91788"><ele>1367.2</ele></trkpt>
      <trkpt lat="44.112807" lon="6.917559"><ele>1370.4</ele></trkpt>
      <trkpt lat="44.112747" lon="6.916975"><ele>1373.2</ele></trkpt>
      <trkpt lat="44.113022" lon="6.916513"><ele>1376.6</ele></trkpt>
      <trkpt lat="44.113172" lon="6.915932"><ele>1379.6</ele></trkpt>
      <trkpt lat="44.113302" lon="6.915331"><ele>1383</ele></trkpt>
      <trkpt lat="44.113614" lon="6.914893"><ele>1386.4</ele></trkpt>
      <trkpt lat="44.113631" lon="6.91431"><ele>1389.6</ele></trkpt>
      <trkpt lat="44.113938" lon="6.913868"><ele>1393.2</ele></trkpt>
      <trkpt lat="44.114079" lon="6.913365"><ele>1396.2</ele></trkpt>
      <trkpt lat="44.113837" lon="6.912891"><ele>1398.4</ele></trkpt>
      <trkpt lat="44.11354" lon="6.912424"><ele>1401.2</ele></trkpt>
      <trkpt lat="44.113284" lon="6.912136"><ele>1403.6</ele></trkpt>
      <trkpt lat="44.113498" lon="6.912655"><ele>1404.6</ele></trkpt>
      <trkpt lat="44.113766" lon="6.913158"><ele>1407.8</ele></trkpt>
      <trkpt lat="44.113624" lon="6.913645"><ele>1410.4</ele></trkpt>
      <trkpt lat="44.11336" lon="6.914139"><ele>1413.6</ele></trkpt>
      <trkpt lat="44.113065" lon="6.914541"><ele>1416.4</ele></trkpt>
      <trkpt lat="44.112717" lon="6.914959"><ele>1419.6</ele></trkpt>
      <trkpt lat="44.112408" lon="6.915348"><ele>1422.2</ele></trkpt>
      <trkpt lat="44.112074" lon="6.915746"><ele>1425.4</ele></trkpt>
      <trkpt lat="44.112" lon="6.916349"><ele>1429</ele></trkpt>
      <trkpt lat="44.112069" lon="6.91696"><ele>1431.6</ele></trkpt>
      <trkpt lat="44.111929" lon="6.916812"><ele>1434.2</ele></trkpt>
      <trkpt lat="44.111868" lon="6.916229"><ele>1437</ele></trkpt>
      <trkpt lat="44.111775" lon="6.915583"><ele>1440</ele></trkpt>
      <trkpt lat="44.111687" lon="6.916002"><ele>1442</ele></trkpt>
      <trkpt lat="44.111727" lon="6.916634"><ele>1444.8</ele></trkpt>
      <trkpt lat="44.111797" lon="6.917244"><ele>1447</ele></trkpt>
      <trkpt lat="44.111681" lon="6.917123"><ele>1449.2</ele></trkpt>
      <trkpt lat="44.111566" lon="6.916517"><ele>1452.2</ele></trkpt>
      <trkpt lat="44.111383" lon="6.915943"><ele>1455.6</ele></trkpt>
      <trkpt lat="44.111209" lon="6.915383"><ele>1458.8</ele></trkpt>
      <trkpt lat="44.110857" lon="6.915084"><ele>1461.4</ele></trkpt>
      <trkpt lat="44.110363" lon="6.914912"><ele>1465.4</ele></trkpt>
      <trkpt lat="44.109931" lon="6.914742"><ele>1468.2</ele></trkpt>
      <trkpt lat="44.109503" lon="6.914776"><ele>1471</ele></trkpt>
      <trkpt lat="44.109046" lon="6.914905"><ele>1474.2</ele></trkpt>
      <trkpt lat="44.108704" lon="6.915307"><ele>1477</ele></trkpt>
      <trkpt lat="44.108444" lon="6.915813"><ele>1480</ele></trkpt>
      <trkpt lat="44.108202" lon="6.916345"><ele>1483.2</ele></trkpt>
      <trkpt lat="44.107772" lon="6.916498"><ele>1486</ele></trkpt>
      <trkpt lat="44.107341" lon="6.916318"><ele>1489.8</ele></trkpt>
      <trkpt lat="44.107041" lon="6.915905"><ele>1492.8</ele></trkpt>
      <trkpt lat="44.107042" lon="6.915295"><ele>1496.2</ele></trkpt>
      <trkpt lat="44.106742" lon="6.915353"><ele>1499</ele></trkpt>
      <trkpt lat="44.106416" lon="6.915798"><ele>1502</ele></trkpt>
      <trkpt lat="44.106455" lon="6.916324"><ele>1504.6</ele></trkpt>
      <trkpt lat="44.10679" lon="6.916757"><ele>1506.4</ele></trkpt>
      <trkpt lat="44.107187" lon="6.917017"><ele>1509.2</ele></trkpt>
      <trkpt lat="44.107625" lon="6.91719"><ele>1512.2</ele></trkpt>
      <trkpt lat="44.108056" lon="6.917333"><ele>1515.2</ele></trkpt>
      <trkpt lat="44.108429" lon="6.917661"><ele>1518.2</ele></trkpt>
      <trkpt lat="44.108559" lon="6.917823"><ele>1519.8</ele></trkpt>
      <trkpt lat="44.108148" lon="6.917584"><ele>1522.2</ele></trkpt>
      <trkpt lat="44.107714" lon="6.91753"><ele>1525</ele></trkpt>
      <trkpt lat="44.107264" lon="6.917689"><ele>1528</ele></trkpt>
      <trkpt lat="44.106954" lon="6.918104"><ele>1530.8</ele></trkpt>
      <trkpt lat="44.107159" lon="6.918586"><ele>1533.8</ele></trkpt>
      <trkpt lat="44.107511" lon="6.919008"><ele>1536.2</ele></trkpt>
      <trkpt lat="44.107821" lon="6.919458"><ele>1538.6</ele></trkpt>
      <trkpt lat="44.107972" lon="6.920039"><ele>1541.6</ele></trkpt>
      <trkpt lat="44.108047" lon="6.920654"><ele>1544.6</ele></trkpt>
      <trkpt lat="44.107751" lon="6.921083"><ele>1547.8</ele></trkpt>
      <trkpt lat="44.10744" lon="6.921479"><ele>1550.8</ele></trkpt>
      <trkpt lat="44.107304" lon="6.922109"><ele>1553.4</ele></trkpt>
      <trkpt lat="44.10724" lon="6.922739"><ele>1556.6</ele></trkpt>
      <trkpt lat="44.107145" lon="6.923288"><ele>1559</ele></trkpt>
      <trkpt lat="44.106999" lon="6.923892"><ele>1561.8</ele></trkpt>
      <trkpt lat="44.106841" lon="6.924482"><ele>1565</ele></trkpt>
      <trkpt lat="44.106685" lon="6.925079"><ele>1567.8</ele></trkpt>
      <trkpt lat="44.106548" lon="6.925654"><ele>1571</ele></trkpt>
      <trkpt lat="44.106413" lon="6.926226"><ele>1574.6</ele></trkpt>
      <trkpt lat="44.106009" lon="6.926063"><ele>1578.8</ele></trkpt>
      <trkpt lat="44.105545" lon="6.926091"><ele>1582.4</ele></trkpt>
      <trkpt lat="44.105103" lon="6.926023"><ele>1585.8</ele></trkpt>
      <trkpt lat="44.104688" lon="6.925798"><ele>1588.6</ele></trkpt>
      <trkpt lat="44.104274" lon="6.925518"><ele>1591.2</ele></trkpt>
      <trkpt lat="44.103933" lon="6.925123"><ele>1594.2</ele></trkpt>
      <trkpt lat="44.103534" lon="6.924839"><ele>1597.8</ele></trkpt>
      <trkpt lat="44.103086" lon="6.924742"><ele>1601.4</ele></trkpt>
      <trkpt lat="44.102634" lon="6.924701"><ele>1604.2</ele></trkpt>
      <trkpt lat="44.102196" lon="6.924634"><ele>1607.2</ele></trkpt>
      <trkpt lat="44.101704" lon="6.924766"><ele>1610</ele></trkpt>
      <trkpt lat="44.101279" lon="6.924794"><ele>1613.2</ele></trkpt>
      <trkpt lat="44.100828" lon="6.924906"><ele>1616.4</ele></trkpt>
      <trkpt lat="44.100432" lon="6.925226"><ele>1619</ele></trkpt>
      <trkpt lat="44.100104" lon="6.925598"><ele>1622</ele></trkpt>
      <trkpt lat="44.099685" lon="6.92543"><ele>1626.4</ele></trkpt>
      <trkpt lat="44.099321" lon="6.925085"><ele>1630.2</ele></trkpt>
      <trkpt lat="44.098954" lon="6.924738"><ele>1633.6</ele></trkpt>
      <trkpt lat="44.098527" lon="6.924479"><ele>1636.4</ele></trkpt>
      <trkpt lat="44.098102" lon="6.924245"><ele>1639.4</ele></trkpt>
      <trkpt lat="44.097686" lon="6.92444"><ele>1642.2</ele></trkpt>
      <trkpt lat="44.097312" lon="6.924794"><ele>1645.4</ele></trkpt>
      <trkpt lat="44.097257" lon="6.925391"><ele>1648.8</ele></trkpt>
      <trkpt lat="44.097134" lon="6.925971"><ele>1652.4</ele></trkpt>
      <trkpt lat="44.096887" lon="6.926494"><ele>1656</ele></trkpt>
      <trkpt lat="44.096584" lon="6.926918"><ele>1659.4</ele></trkpt>
      <trkpt lat="44.096142" lon="6.927056"><ele>1662</ele></trkpt>
      <trkpt lat="44.095786" lon="6.927436"><ele>1664.8</ele></trkpt>
      <trkpt lat="44.095485" lon="6.927881"><ele>1668.4</ele></trkpt>
      <trkpt lat="44.095451" lon="6.928528"><ele>1671.8</ele></trkpt>
      <trkpt lat="44.095375" lon="6.929111"><ele>1674</ele></trkpt>
      <trkpt lat="44.095262" lon="6.9297"><ele>1674.8</ele></trkpt>
      <trkpt lat="44.095215" lon="6.930334"><ele>1675.6</ele></trkpt>
      <trkpt lat="44.095121" lon="6.930933"><ele>1676</ele></trkpt>
      <trkpt lat="44.094827" lon="6.931429"><ele>1676.6</ele></trkpt>
      <trkpt lat="44.094545" lon="6.931972"><ele>1675.8</ele></trkpt>
      <trkpt lat="44.094275" lon="6.932469"><ele>1674.2</ele></trkpt>
      <trkpt lat="44.094019" lon="6.932949"><ele>1671.8</ele></trkpt>
      <trkpt lat="44.093743" lon="6.933391"><ele>1669.4</ele></trkpt>
      <trkpt lat="44.093439" lon="6.933871"><ele>1667</ele></trkpt>
      <trkpt lat="44.093128" lon="6.934433"><ele>1664</ele></trkpt>
      <trkpt lat="44.092827" lon="6.934844"><ele>1661.4</ele></trkpt>
      <trkpt lat="44.092423" lon="6.935106"><ele>1658.6</ele></trkpt>
      <trkpt lat="44.091958" lon="6.935269"><ele>1656</ele></trkpt>
      <trkpt lat="44.091585" lon="6.935608"><ele>1653.6</ele></trkpt>
      <trkpt lat="44.091274" lon="6.93608"><ele>1651.2</ele></trkpt>
      <trkpt lat="44.091015" lon="6.936494"><ele>1649</ele></trkpt>
      <trkpt lat="44.090685" lon="6.936979"><ele>1646.4</ele></trkpt>
      <trkpt lat="44.090372" lon="6.93743"><ele>1643.8</ele></trkpt>
      <trkpt lat="44.090053" lon="6.937891"><ele>1641</ele></trkpt>
      <trkpt lat="44.089813" lon="6.938356"><ele>1638.6</ele></trkpt>
      <trkpt lat="44.089556" lon="6.938974"><ele>1636</ele></trkpt>
      <trkpt lat="44.089373" lon="6.939436"><ele>1633.8</ele></trkpt>
      <trkpt lat="44.089083" lon="6.939938"><ele>1631.2</ele></trkpt>
      <trkpt lat="44.088698" lon="6.940315"><ele>1628.8</ele></trkpt>
      <trkpt lat="44.088397" lon="6.940861"><ele>1626.4</ele></trkpt>
      <trkpt lat="44.088038" lon="6.941183"><ele>1624.4</ele></trkpt>
      <trkpt lat="44.087676" lon="6.941551"><ele>1622.4</ele></trkpt>
      <trkpt lat="44.08739" lon="6.941933"><ele>1621.6</ele></trkpt>
      <trkpt lat="44.087035" lon="6.942464"><ele>1618.2</ele></trkpt>
      <trkpt lat="44.086821" lon="6.942995"><ele>1615.8</ele></trkpt>
      <trkpt lat="44.086761" lon="6.943611"><ele>1613.4</ele></trkpt>
      <trkpt lat="44.086838" lon="6.944205"><ele>1611.2</ele></trkpt>
      <trkpt lat="44.087009" lon="6.944711"><ele>1609</ele></trkpt>
      <trkpt lat="44.087263" lon="6.945323"><ele>1606</ele></trkpt>
      <trkpt lat="44.087524" lon="6.945781"><ele>1603.4</ele></trkpt>
      <trkpt lat="44.087773" lon="6.946289"><ele>1601.2</ele></trkpt>
      <trkpt lat="44.08806" lon="6.946766"><ele>1598.4</ele></trkpt>
      <trkpt lat="44.08834" lon="6.947331"><ele>1595</ele></trkpt>
      <trkpt lat="44.088501" lon="6.947899"><ele>1592</ele></trkpt>
      <trkpt lat="44.088824" lon="6.948239"><ele>1589.4</ele></trkpt>
      <trkpt lat="44.089294" lon="6.948113"><ele>1586</ele></trkpt>
      <trkpt lat="44.089771" lon="6.948049"><ele>1582.8</ele></trkpt>
      <trkpt lat="44.089773" lon="6.948459"><ele>1579.6</ele></trkpt>
      <trkpt lat="44.089374" lon="6.948793"><ele>1576.2</ele></trkpt>
      <trkpt lat="44.089026" lon="6.949221"><ele>1573</ele></trkpt>
      <trkpt lat="44.088787" lon="6.949662"><ele>1569.8</ele></trkpt>
      <trkpt lat="44.088638" lon="6.950203"><ele>1567.2</ele></trkpt>
      <trkpt lat="44.08848" lon="6.950905"><ele>1563.2</ele></trkpt>
      <trkpt lat="44.08851" lon="6.95147"><ele>1560.6</ele></trkpt>
      <trkpt lat="44.088868" lon="6.951763"><ele>1557.6</ele></trkpt>
      <trkpt lat="44.089307" lon="6.9519"><ele>1554.2</ele></trkpt>
      <trkpt lat="44.089697" lon="6.952249"><ele>1552.2</ele></trkpt>
      <trkpt lat="44.08936" lon="6.952495"><ele>1550.4</ele></trkpt>
      <trkpt lat="44.088896" lon="6.95242"><ele>1547.8</ele></trkpt>
      <trkpt lat="44.088506" lon="6.952757"><ele>1546.2</ele></trkpt>
      <trkpt lat="44.088211" lon="6.953236"><ele>1545.4</ele></trkpt>
      <trkpt lat="44.087905" lon="6.953688"><ele>1544.6</ele></trkpt>
      <trkpt lat="44.0876" lon="6.954127"><ele>1544.2</ele></trkpt>
      <trkpt lat="44.087257" lon="6.954493"><ele>1544</ele></trkpt>
      <trkpt lat="44.086921" lon="6.954891"><ele>1544.4</ele></trkpt>
      <trkpt lat="44.086603" lon="6.955294"><ele>1544.4</ele></trkpt>
      <trkpt lat="44.086199" lon="6.955708"><ele>1544.4</ele></trkpt>
      <trkpt lat="44.085926" lon="6.956179"><ele>1544</ele></trkpt>
      <trkpt lat="44.085776" lon="6.956725"><ele>1544.2</ele></trkpt>
      <trkpt lat="44.085849" lon="6.957373"><ele>1544.4</ele></trkpt>
      <trkpt lat="44.085881" lon="6.95804"><ele>1544.6</ele></trkpt>
      <trkpt lat="44.085867" lon="6.958619"><ele>1544.4</ele></trkpt>
      <trkpt lat="44.08589" lon="6.959283"><ele>1545</ele></trkpt>
      <trkpt lat="44.085972" lon="6.95987"><ele>1544.6</ele></trkpt>
      <trkpt lat="44.086071" lon="6.960434"><ele>1545</ele></trkpt>
      <trkpt lat="44.086193" lon="6.961053"><ele>1546.4</ele></trkpt>
      <trkpt lat="44.086304" lon="6.961686"><ele>1547.4</ele></trkpt>
      <trkpt lat="44.086274" lon="6.962296"><ele>1549</ele></trkpt>
      <trkpt lat="44.086403" lon="6.962904"><ele>1550.4</ele></trkpt>
      <trkpt lat="44.08669" lon="6.963353"><ele>1551.2</ele></trkpt>
      <trkpt lat="44.087074" lon="6.963603"><ele>1552.2</ele></trkpt>
      <trkpt lat="44.0875" lon="6.963397"><ele>1552.6</ele></trkpt>
      <trkpt lat="44.087951" lon="6.963566"><ele>1553.6</ele></trkpt>
      <trkpt lat="44.088273" lon="6.963941"><ele>1555</ele></trkpt>
      <trkpt lat="44.088697" lon="6.964193"><ele>1556.8</ele></trkpt>
      <trkpt lat="44.089134" lon="6.964265"><ele>1557.6</ele></trkpt>
      <trkpt lat="44.089548" lon="6.964467"><ele>1558.2</ele></trkpt>
      <trkpt lat="44.089813" lon="6.964954"><ele>1559</ele></trkpt>
      <trkpt lat="44.090012" lon="6.965556"><ele>1560.2</ele></trkpt>
      <trkpt lat="44.090214" lon="6.966078"><ele>1561.2</ele></trkpt>
      <trkpt lat="44.090465" lon="6.966652"><ele>1560.6</ele></trkpt>
      <trkpt lat="44.090686" lon="6.96719"><ele>1558.6</ele></trkpt>
      <trkpt lat="44.090833" lon="6.967753"><ele>1556.8</ele></trkpt>
      <trkpt lat="44.09097" lon="6.968351"><ele>1555</ele></trkpt>
      <trkpt lat="44.091017" lon="6.968964"><ele>1554.4</ele></trkpt>
      <trkpt lat="44.090867" lon="6.969615"><ele>1554.2</ele></trkpt>
      <trkpt lat="44.090779" lon="6.970123"><ele>1555.4</ele></trkpt>
      <trkpt lat="44.090897" lon="6.970737"><ele>1556</ele></trkpt>
      <trkpt lat="44.091113" lon="6.971342"><ele>1554.2</ele></trkpt>
      <trkpt lat="44.09138" lon="6.971747"><ele>1551.6</ele></trkpt>
      <trkpt lat="44.091753" lon="6.972207"><ele>1547.8</ele></trkpt>
      <trkpt lat="44.092101" lon="6.97251"><ele>1545</ele></trkpt>
      <trkpt lat="44.092593" lon="6.972759"><ele>1541</ele></trkpt>
      <trkpt lat="44.09291" lon="6.973027"><ele>1538.2</ele></trkpt>
      <trkpt lat="44.093259" lon="6.973479"><ele>1535.2</ele></trkpt>
      <trkpt lat="44.093573" lon="6.973917"><ele>1532.4</ele></trkpt>
      <trkpt lat="44.094016" lon="6.973885"><ele>1529</ele></trkpt>
      <trkpt lat="44.094441" lon="6.973812"><ele>1525.6</ele></trkpt>
      <trkpt lat="44.0945" lon="6.974419"><ele>1522</ele></trkpt>
      <trkpt lat="44.094581" lon="6.975083"><ele>1518.4</ele></trkpt>
      <trkpt lat="44.094688" lon="6.975632"><ele>1515.6</ele></trkpt>
      <trkpt lat="44.09495" lon="6.976182"><ele>1512</ele></trkpt>
      <trkpt lat="44.095102" lon="6.976825"><ele>1508</ele></trkpt>
      <trkpt lat="44.095255" lon="6.977337"><ele>1504.8</ele></trkpt>
      <trkpt lat="44.095493" lon="6.97784"><ele>1501.4</ele></trkpt>
      <trkpt lat="44.095752" lon="6.978334"><ele>1497.8</ele></trkpt>
      <trkpt lat="44.096039" lon="6.978833"><ele>1494.4</ele></trkpt>
      <trkpt lat="44.096145" lon="6.979465"><ele>1492</ele></trkpt>
      <trkpt lat="44.096114" lon="6.980088"><ele>1488.6</ele></trkpt>
      <trkpt lat="44.096163" lon="6.980735"><ele>1484.8</ele></trkpt>
      <trkpt lat="44.096317" lon="6.98131"><ele>1481.6</ele></trkpt>
      <trkpt lat="44.096685" lon="6.981718"><ele>1478</ele></trkpt>
      <trkpt lat="44.096832" lon="6.982279"><ele>1474.6</ele></trkpt>
      <trkpt lat="44.096826" lon="6.982851"><ele>1471.2</ele></trkpt>
      <trkpt lat="44.096705" lon="6.983554"><ele>1467.6</ele></trkpt>
      <trkpt lat="44.096607" lon="6.984043"><ele>1464.6</ele></trkpt>
      <trkpt lat="44.096605" lon="6.984757"><ele>1460.4</ele></trkpt>
      <trkpt lat="44.096708" lon="6.985287"><ele>1457.4</ele></trkpt>
      <trkpt lat="44.096495" lon="6.985873"><ele>1454.2</ele></trkpt>
      <trkpt lat="44.096159" lon="6.986225"><ele>1451</ele></trkpt>
      <trkpt lat="44.096492" lon="6.986559"><ele>1449</ele></trkpt>
      <trkpt lat="44.096904" lon="6.986841"><ele>1445.6</ele></trkpt>
      <trkpt lat="44.096583" lon="6.986581"><ele>1446.4</ele></trkpt>
      <trkpt lat="44.096208" lon="6.986263"><ele>1449.6</ele></trkpt>
      <trkpt lat="44.096125" lon="6.986229"><ele>1448.2</ele></trkpt>
      <trkpt lat="44.095739" lon="6.986332"><ele>1447.6</ele></trkpt>
      <trkpt lat="44.095333" lon="6.98665"><ele>1449.4</ele></trkpt>
      <trkpt lat="44.095108" lon="6.987172"><ele>1451.4</ele></trkpt>
      <trkpt lat="44.09505" lon="6.98778"><ele>1453</ele></trkpt>
      <trkpt lat="44.094976" lon="6.988395"><ele>1455.6</ele></trkpt>
      <trkpt lat="44.094816" lon="6.988944"><ele>1458</ele></trkpt>
      <trkpt lat="44.094617" lon="6.98952"><ele>1461.2</ele></trkpt>
      <trkpt lat="44.094549" lon="6.989805"><ele>1464</ele></trkpt>
      <trkpt lat="44.094721" lon="6.989183"><ele>1461.4</ele></trkpt>
      <trkpt lat="44.094905" lon="6.988626"><ele>1458.8</ele></trkpt>
      <trkpt lat="44.09503" lon="6.98801"><ele>1456</ele></trkpt>
      <trkpt lat="44.09508" lon="6.987438"><ele>1453.8</ele></trkpt>
      <trkpt lat="44.095181" lon="6.986848"><ele>1452</ele></trkpt>
      <trkpt lat="44.095581" lon="6.986495"><ele>1449.4</ele></trkpt>
      <trkpt lat="44.09602" lon="6.986332"><ele>1447.8</ele></trkpt>
      <trkpt lat="44.096407" lon="6.986513"><ele>1446.8</ele></trkpt>
      <trkpt lat="44.096829" lon="6.986785"><ele>1443.6</ele></trkpt>
      <trkpt lat="44.097238" lon="6.986934"><ele>1440</ele></trkpt>
      <trkpt lat="44.097678" lon="6.987029"><ele>1436.2</ele></trkpt>
      <trkpt lat="44.098134" lon="6.987169"><ele>1432.8</ele></trkpt>
      <trkpt lat="44.098611" lon="6.987187"><ele>1429.8</ele></trkpt>
      <trkpt lat="44.09904" lon="6.987183"><ele>1428.6</ele></trkpt>
      <trkpt lat="44.099504" lon="6.987209"><ele>1426.8</ele></trkpt>
      <trkpt lat="44.099943" lon="6.9873"><ele>1424.4</ele></trkpt>
      <trkpt lat="44.099071" lon="6.987552"><ele>1420.2</ele></trkpt>
    </trkseg>
  </trk>
</gpx>
